合肥,AH,HEF,117.142,31.824,77,100,CTS-1E,EDAS-24IP
蒙城,AH,MCG,116.48,33.35,55,100,BBVS-120,EDAS-24IP
安庆,AH,ANQ,117.02,30.58,75,100,KS-2000(100s),DR24
白山,AH,BAS,117.3756,31.4727,45,100,KS-2000(60s),SMART-24
蚌埠,AH,BEB,117.2974,32.9055,40,100,KS-2000(60s),SMART-24
豹子崖,AH,BZY,116.2164,31.3986,189,100,FSS-3M,EDAS-24IP
滁州,AH,CHZ,118.2801,32.2855,112,100,KS-2000(60s),SMART-24
定远,AH,DYN,117.4689,32.6442,196,100,BBVS-60,EDAS-24IP
阜阳,AH,FYT,115.8031,32.946,-273,100,FSS-3DBH(2s),EDAS-24IP
佛子岭,AH,FZL,116.2704,31.3487,90,100,BBVS-60,EDAS-24IP
淮北,AH,HBE,116.79,33.9817,90,100,BBVS-60,EDAS-24IP
淮南,AH,HNA,116.8039,32.6335,86,100,BBVS-60,EDAS-24IP
含山,AH,HSH,118.0577,31.7696,181,100,BBVS-60,EDAS-24GN
黄山,AH,HUS,118.3778,29.7061,130,100,KS-2000(100s),DR24
嘉山,AH,JAS,118.2625,32.8106,95,100,KS-2000(100s),DR24
泾县,AH,JIX,118.3778,30.6992,55,100,KS-2000(100s),DR24
金寨,AH,JZA,115.8839,31.6889,50,100,BBVS-60,EDAS-24IP
六安,AH,LAN,116.501,31.715,60,100,BBVS-60,EDAS-24IP
烂泥坳,AH,LNA,116.142,31.34,245,100,FSS-3M,EDAS-24IP
马鞍山,AH,MAS,118.5689,31.6927,33,100,KS-2000(60s),SMART-24
舒城,AH,SCH,116.9842,31.348,65,100,BBVS-60,EDAS-24GN
泗县,AH,SIX,117.8591,33.5576,42,100,KS-2000(60s),SMART-24
石家河,AH,SJH,116.0859,31.4361,240,100,FSS-3M,EDAS-24IP
铜陵,AH,TOL,117.819,30.9246,49,100,KS-2000(60s),SMART-24
合肥市,AH,HFJ,117.246,31.921,-150,,FSS-3DBH,EDAS24IP
界首,AH,JSO,115.387,33.25,-280,,JDF-2,EDAS24IP
桐城,AH,TOC,117.07,31.02,60,,JCZ-100,EDAS24IP
宿州,AH,SZT,117.0219,33.7754,43,,BBVS60,EDAS24IP
八宝山,BJ,BBS,116.24,39.91,58,100,BBVS-120,EDAS-24IP
次渠台,BJ,CIQ,116.57,39.79,-202,100,BBVS-60DBH,EDAS-24GN
大灰场,BJ,DHC,116.11,39.86,140,100,BBVS-120,EDAS-24IP
凤河营,BJ,FHY,116.69,39.62,-200.57,100,BBVS-60DBH,EDAS-24GN
金盏,BJ,JIZ,116.56,40,-94,100,FSS-3DBH(2s),EDAS-24GN
刘斌堡,BJ,LBP,116.21,40.57,570,100,BBVS-120,EDAS-24IP
琉璃庙,BJ,LLM,116.64,40.63,314,100,BBVS-60,EDAS-24IP
马坊,BJ,MAF,117,40.05,-255,100,FSS-3DBH(1s),EDAS-24L
密云,BJ,MIY,116.83,40.47,107,100,BBVS-120,EDAS-24IP
牛口峪,BJ,NKY,115.97,39.69,70,100,BBVS-120,EDAS-24IP
牛栏山,BJ,NLS,116.65,40.21,-160,100,FSS-3DBH(1s),EDAS-24L
十三陵,BJ,SSL,116.23,40.25,100,100,BBVS-120,EDAS-24IP
苏州街,BJ,SZJ,116.3,40,-137,100,FSS-3DBH（1S）,EDAS-24B
天坛,BJ,TIT,116.41,39.89,-210,100,FSS-3DBH(1s),EDAS-24L
西拨子,BJ,XBZ,115.97,40.34,707,100,BBVS-120,EDAS-24GN
西集,BJ,XIJ,116.88,39.83,-283,100,BBVS-60DBH,EDAS-24GN
杨镇,BJ,YAZ,116.83,40.15,-158,100,FSS-3DBH(1s),EDAS-24L
榆垡,BJ,YUF,116.32,39.52,-172,100,FSS-3DBH(2s),EDAS-24GN
斋堂,BJ,ZHT,115.68,39.96,500,100,BBVS-120,EDAS-24IP
白家疃,BU,BJT,116.17,40.02,197,100,CTS-1EF,EDAS-24IP
北戴河,BU,BDH,119.4735,39.8254,48.23,100,BBVS-60,EDAS-24GN
承德,BU,CDT,117.9158,41.0153,117.9158,100,BBVS-60,EDAS-24GN
昌黎,BU,CHL,119.0962,39.7585,70.25,100,BBVS-60,EDAS-24GN
大兴,BU,DAX,116.3447,39.7506,-110,100,FSS-3DBH,EDAS-24IP
陡河,BU,DOH,118.3278,39.7522,25,100,BBVS-60,EDAS-24GN
东三旗,BU,DSQ,116.4264,40.0811,-250,100,FSS-3DBH,EDAS-24IP
法华寺,BU,FHS,116.3093,39.9459,50.68,100,BBVS-60,EDAS-24GN
沽源,BU,GUY,115.8217,41.6645,1444,100,BBVS-60,EDAS-24IP
黄壁庄,BU,HBZ,114.3082,38.2482,131.6,100,BBVS-60,EDAS-24GN
怀安,BU,HUA,114.4414,40.653,840,100,BBVS-60,EDAS-24GN
涞源,BU,LAY,114.9797,39.5103,880,100,BBVS-60,EDAS-24GN
喇叭沟,BU,LBG,116.5956,40.8994,510,100,BBVS-60,EDAS-24GN
龙泉寺,BU,LQS,116.0817,40.1017,200,100,BBVS-60,EDAS-24GN
马道峪,BU,MDY,116.5602,40.3944,155.21,100,BBVS-60,EDAS-24GN
南山村,BU,NSC,117.2544,40.1397,100,100,BBVS-60,EDAS-24GN
上方山,BU,SFS,115.8138,39.6611,173.33,100,BBVS-60,EDAS-24GN
沙城,BU,SHC,115.5231,40.4406,659,100,BBVS-60,EDAS-24GN
四座楼,BU,SZL,117.217,40.3072,1063.46,100,BBVS-60,EDAS-24GN
塔寺,BU,TAS,115.493,40.0836,1276.17,100,BBVS-60,EDAS-24GN
太师屯,BU,TST,117.1276,40.5371,180.75,100,BBVS-60,EDAS-24GN
完县,BU,WAX,115.0628,38.8639,100,100,BBVS-60,EDAS-24GN
文安,BU,WEA,116.4534,38.8469,0.21,100,FSS-3DBH,EDAS-24IP
雄县,BU,XOX,116.0936,38.9594,-350,100,FSS-3DBH（2S）,EDAS-24IP
宣化,BU,XUH,115.0428,40.4783,820,100,BBVS-60,EDAS-24GN
涿鹿,BU,ZHL,115.1331,40.1572,1100,100,BBVS-60,EDAS-24GN
张家口,BU,ZJT,114.9018,40.8307,869.33,100,BBVS-60,EDAS-24GN
周口店,BU,ZKD,115.9222,39.6881,120,100,BBVS-60,EDAS-24GN
遵化,BU,ZUH,117.6761,40.1919,60,100,BBVS-60,EDAS-24GN
重庆,CQ,CQT,106.573,29.4222,255,100,KS-2000(120s),SMART-24
城口,CQ,CHK,108.6461,31.9627,840,100,CMG-3ESPC,TDE-324CI
长寿,CQ,CHS,107.2325,29.905,350,100,CMG-3ESPC,TDE-324CI
涪陵,CQ,FUL,107.4375,29.7263,695,100,CMG-3ESPC,TDE-324CI
黔江,CQ,QIJ,108.7958,29.5639,430,100,CMG-3ESPC,TDE-324CI
荣昌,CQ,ROC,105.4431,29.3793,430,100,CMG-3ESPC,TDE-324CI
石柱,CQ,SHZ,108.3847,30.2444,1552,100,CMG-3ESPC,TDE-324CI
万盛,CQ,WAS,106.9167,28.875,488,100,CMG-3ESPC,TDE-324CI
万州,CQ,WAZ,108.4607,30.752,493,100,CMG-3ESPC,TDE-324CI
武隆,CQ,WUL,107.8265,29.1881,330,100,CMG-3ESPC,TDE-324CI
巫溪,CQ,WUX,109.6107,31.401,284,100,CMG-3ESPC,TDE-324CI
渝北,CQ,YUB,106.8273,29.8583,230,100,CMG-3ESPC,TDE-324CI
福州城门,FJ,FZCM,119.37,26.01,140,100,CMG-3ESPC(120S),EDAS-24GN
南平东坑,FJ,NPDK,118.19,26.62,180,100,CMG-3ESPC(120S),EDAS-24GN
泉州,FJ,QZH,118.59,24.94,47,100,CTS-1,EDAS-24IP
长汀汀州,FJ,CTTZ,116.35,25.84,338,100,FBS-3M,EDAS-24GN
东山西埔,FJ,DSXP,117.43,23.71,53,100,BBVS-60,EDAS-24GN
福鼎秦屿,FJ,FDQY,120.26,27.12,44,100,CMG-3ESPC-60,EDAS-24IP
福清东张,FJ,FQDZ,119.29,25.7,105,100,CMG-3ESPC-60,EDAS-24IP
古田水口,FJ,GTSK,118.73,26.37,102,100,FSS-3M（2S）,EDAS-24IP
华安华丰,FJ,HAHF,117.52,25.01,145,100,CMG-3ESPC-60,EDAS-24IP
惠安净峰,FJ,HAJF,118.96,24.98,101,100,CMG-3ESPC-60,EDAS-24IP
连江苔,FJ,LJTL,119.92,26.35,186,100,CMG-3ESPC-60,EDAS-24IP
龙岩西陂,FJ,LYXP,117.03,25.13,404,100,FBS-3M,EDAS-24GN
闽清东桥,FJ,MQDQ,118.91,26.38,172,100,CMG-3ESPC-60,EDAS-24IP
明溪雪峰,FJ,MXXF,117.19,26.35,410,100,CMG-3ESPC-60,EDAS-24IP
宁德樟湾,FJ,NDZW,119.56,26.68,49,100,CMG-3ESPC-60,EDAS-24IP
浦城南浦,FJ,PCNP,118.52,27.91,250,100,CMG-3ESPC-60,EDAS-24IP
平和山格,FJ,PHSG,117.34,24.4,58,100,CMG-3ESPC-60,EDAS-24IP
莆田荔城,FJ,PTLC,119.01,25.45,87,100,CMG-3ESPC-60,EDAS-24IP
莆田南日,FJ,PTNR,119.47,25.22,76,100,CMG-3ESPC-60,EDAS-24IP
平潭潭城,FJ,PTTC,119.76,25.5,44,100,FSS-3M（2S）,EDAS-24GN
上杭临城,FJ,SHLC,116.45,25.03,198,100,FSS-3M（2S）,EDAS-24IP
寿宁清源,FJ,SNQY,119.48,27.4,976,100,CMG-3ESPC-60,EDAS-24IP
邵武丹台,FJ,SWDT,117.48,27.33,221,100,CMG-3ESPC-60,EDAS-24IP
泰宁杉城,FJ,TNSC,117.18,26.91,316,100,BBVS-60,EDAS-24IP
武夷新丰,FJ,WYXF,118.01,27.75,262,100,CMG-3ESPC-60,EDAS-24IP
厦门思明,FJ,XMSM,118.08,24.45,87,100,FBS-3B,EDAS-24GN
永安小陶,FJ,YAXT,117.12,25.72,274,100,CMG-3ESPC-60,EDAS-24GN
永安燕西,FJ,YAYX,117.36,25.99,201,100,CMG-3ESPC-60,EDAS-24IP
永春石鼓,FJ,YCSG,118.23,25.34,266,100,CMG-3ESPC-60,EDAS-24IP
永定仙师,FJ,YDXS,116.63,24.7,191,100,CMG-3ESPC-60,EDAS-24IP
尤溪坂面,FJ,YXBM,118.11,26.04,186,100,BBVS-60,EDAS-24IP
政和南庄,FJ,ZHNZ,118.86,27.36,275,100,BBVS-60,EDAS-24IP
漳州九湖,FJ,ZZJH,117.63,24.47,60,100,FSS-3M（2S）,EDAS-24GN
广州,GD,GZH,113.65,23.65,65,100,JCZ-1T,EDAS-24IP
韶关,GD,SHG,113.58,24.86,200,100,CTS-1,EDAS-24L
汕头,GD,SHT,116.63,23.42,19,100,CTS-1,EDAS-24L
深圳,GD,SZN,114.14,22.55,20,100,CTS-1,EDAS-24IP
信宜,GD,XNY,110.93,22.35,90,100,KS-2000M（120）,SMART-24R
潮州,GD,CHZ,116.64,23.67,13,100,KS-2000(60s),TDE-324CI
担杆岛,GD,DGD,114.3,22.06,31,100,KS-2000(60s),TDE-324CI
电白,GD,DNB,111.21,21.65,240,100,KS-2000(60s),TDE-324CI
东莞,GD,DOG,113.72,22.88,59,100,KS-2000(60s),TDE-324CI
丰顺,GD,FES,116.21,23.82,84,100,KS-2000(60s),EDAS-24IP
高州,GD,GAZ,111.01,22.05,72,100,KS-2000(60s),TDE-324CI
合江,GD,HEJ,110.55,21.93,113,100,KS-2000(60s),TDE-324CI
花都,GD,HUD,113.23,23.52,65,100,KS-2000(60s),TDE-324CI
怀集,GD,HUJ,112.3,24.04,133,100,KS-2000(60s),EDAS-24IP
惠州,GD,HUZ,114.42,23.24,44,100,KS-2000M（60）,EDAS-24IP
湖羊角,GD,HYJ,114.59,23.72,152,100,CMG-3ESPC（60）,TDE-324CI
揭西,GD,JIX,115.7,23.43,123,100,BBVS-60,EDAS-24IP
龙川,GD,LCH,115.27,24.1,135,100,KS-2000(60s),TDE-324CI
连平,GD,LIP,114.46,24.36,276,100,BBVS-60,EDAS-24IP
连州,GD,LIZ,112.39,24.8,108,100,KS-2000(120s),TDE-324CI
龙潭口,GD,LTK,114.65,23.66,103,100,CMG-3ESPC,TDE-324CI
梅州,GD,MEZ,116.14,24.32,115,100,CMG-3ESPC,EDAS-24IP
南澳,GD,NAO,117.01,23.43,5,100,BBVS-120,EDAS-24IP
南澎岛,GD,NAP,117.28,23.26,50,100,BBVS-120,EDAS-24IP
普宁,GD,PUN,116.14,23.29,53,100,BBVS-60,EDAS-24IP
上川岛,GD,SCD,112.8,21.71,1,100,CTS-2FN(60S),EDAS-24IP
水东,GD,SHD,111,21.44,58,100,KS-2000(120s),TDE-324CI
汕尾,GD,SHW,115.37,22.79,15,100,KS-2000(120s),TDE-324CI
石榴岗,GD,SLG,113.35,23.09,26,100,CMG-3TB-120,CMG-DM24
台山,GD,TIS,112.88,22.27,20,100,KS-2000(60s),TDE-324CI
田心,GD,TIX,116.51,23.13,17,100,KS-2000(60s),TDE-324CI
新丰江,GD,XFJ,114.66,23.74,101,100,BBVS-120,EDAS-24IP
新港,GD,XIG,114.64,23.78,107,100,KS-2000(60s),TDE-324CI
新会,GD,XNH,113.03,22.57,86,100,KS-2000(120s),EDAS-24IP
阳春,GD,YGC,111.94,22.42,28,100,KS-2000(120s),TDE-324CI
阳东,GD,YGD,112.25,21.71,18,100,KS-2000(60s),TDE-324CI
阳江,GD,YGJ,111.95,21.86,20,100,KS-2000(60s),TDE-324CI
阳西,GD,YGX,111.6,21.75,80,100,KS-2000(60s),TDE-324CI
英德,GD,YND,113.36,24.13,134,100,BBVS-60,EDAS-24IP
珠海,GD,ZHH,113.57,22.27,50,100,KS-2000(60s),TDE-324CI
湛江,GD,ZHJ,110.38,21.39,8,100,KS-2000(60s),TDE-324CI
肇庆,GD,ZHQ,112.54,23.18,50,100,KS-2000(60s),TDE-324CI
中山,GD,ZHS,113.36,22.49,50,100,KS-2000(60s),EDAS-24IP
紫金,GD,ZIJ,115.17,23.7,253,100,BBVS-120,EDAS-24IP
安西,GS,AXX,95.8,40.5167,1178,100,CTS-1EF,EDAS-24IP
高台,GS,GTA,99.8167,39.4,1345,100,JCZ-1T,EDAS-24IP
嘉峪关,GS,JYG,98.2104,39.8114,1714,100,BBVS-120,EDAS-24IP
兰州,GS,LZH,103.8444,36.0833,1560,100,CTS-1,EDAS-24IP
天水,GS,TSS,106.0206,34.3425,1707,100,CTS-1,EDAS-24IP
白银,GS,BYT,104.1302,36.5809,1766,100,BBVS-60,EDAS-24IP
成县,GS,CXT,105.7613,33.7312,980,100,BBVS-60,EDAS-24IP
迭部,GS,DBT,103.2304,34.0601,1400,100,BBVS-60,EDAS-24IP
敦煌,GS,DHT,94.8314,40.0401,1330,100,CMG-3ESPC,CMG-DM24
华池,GS,HCH,108.4608,36.2504,1193,100,CMG-3ESPC,CMG-DM24
铧尖,GS,HJT,102.0114,37.8314,2317,100,CMG-3ESPC,CMG-DM24
会宁,GS,HNT,105.0701,35.6911,1772,100,CMG-3ESPC,CMG-DM24
河西堡,GS,HXP,102.1102,38.3907,1700,100,BBVS-60,EDAS-24IP
环县,GS,HXT,107.2705,36.5896,1224,100,BBVS-60,EDAS-24IP
红崖山,GS,HYS,102.8314,38.4007,1455,100,BBVS-60,EDAS-24IP
合作,GS,HZT,102.9115,35.01,2900,100,BBVS-60,EDAS-24IP
金佛寺,GS,JFS,98.7412,39.3907,1998,100,BBVS-60,EDAS-24IP
静宁,GS,JNT,105.7713,35.5309,1730,100,CMG-3ESPC,CMG-DM24
景泰,GS,JTA,104.0902,37.1903,1645,100,BBVS-60,EDAS-24IP
临潭,GS,LTT,103.3606,34.6711,2703,100,CMG-3ESPC,CMG-DM24
临夏,GS,LXA,103.263,35.6275,1822,100,BBVS-60,EDAS-24IP
柳园,GS,LYT,95.5008,41.0901,1741,100,BBVS-60,EDAS-24IP
民勤,GS,MIQ,103.2504,39.07,1352,100,BBVS-60,EDAS-24IP
玛曲,GS,MQT,102.0601,34.02,3520,100,CMG-3ESPC,EDAS-24IP
岷县,GS,MXT,104.02,34.4307,2325,100,BBVS-60,EDAS-24IP
宁县,GS,NXT,107.9215,35.5609,925,100,CMG-3ESPC,CMG-DM24
平凉,GS,PLT,106.6811,35.4508,1478,100,BBVS-60,EDAS-24IP
青头山,GS,QTS,97.7412,39.7003,2572,100,BBVS-60,EDAS-24IP
石包城,GS,SBC,95.9215,39.4908,1129,100,BBVS-60,EDAS-24IP
山丹,GS,SDT,101.333,38.7713,1770,100,BBVS-60,EDAS-24IP
四个山,GS,SGS,103.8845,37.5356,1678,100,CMG-3ESPC,CMG-DM24
石岗,GS,SGT,102.7613,37.621,1920,100,BBVS-60,EDAS-24IP
肃南,GS,SNT,99.611,38.8414,2323,100,BBVS-60,EDAS-24IP
武都,GS,WDT,104.9917,33.3606,1060,100,BBVS-60,EDAS-24IP
武山,GS,WSH,105.05,34.6611,1757,100,BBVS-60,EDAS-24IP
文县,GS,WXT,104.6811,32.9516,980,100,BBVS-60,EDAS-24IP
渭源,GS,WYT,104.1,35.04,2320,100,CMG-3ESPC,CMG-DM24
永登,GS,YDT,103.3205,36.8013,2318,100,CMG-3ESPC,CMG-DM24
俞井子,GS,YJZ,98.6411,40.3907,1359,100,BBVS-60,EDAS-24IP
玉门关,GS,YMG,93.6611,40.5208,1123,100,BBVS-60,EDAS-24IP
青凹峡,GS,YWX,96.9015,41.0906,1869,100,BBVS-60,EDAS-24IP
张家川,GS,ZHC,106.3005,34.9316,1723,100,CMG-3ESPC,CMG-DM24
舟曲,GS,ZHQ,104.3806,33.8114,1460,100,CMG-3ESPC,EDAS-24IP
张掖,GS,ZHY,100.5309,39.0915,1501,100,CMG-3ESPC,CMG-DM24
桂林,GX,GUL,110.3661,25.2911,198,100,CTS-1,ESAS-24IP
河池,GX,HCS,108.0215,24.6729,187,100,CTS-1,ESAS-24GN
灵山,GX,LNS,109.2801,22.4202,67,100,JCZ-1,EDAS-24L
凭祥,GX,PXS,106.7512,22.1301,227,100,CTS-1,EDAS-24L
北海,GX,BHS,109.2125,21.6525,47,100,CMG-3ESPC,EDAS-24IP
百色,GX,BSS,106.5565,23.8951,179,100,CMG-3ESPC,EDAS-24IP
崇左,GX,CZS,107.354,22.3734,99,100,CMG-3ESPC,EDAS-24IP
大化,GX,DHX,107.9883,23.7489,185,100,CMG-3ESPC,EDAS-24IP
东兴,GX,DXS,107.4966,21.6718,90,100,CMG-3ESPC,EDAS-24IP
大新,GX,DXX,107.186,22.8385,242,100,CMG-3ESPC,EDAS-24IP
贵港,GX,GGS,109.618,23.0553,110,100,CMG-3ESPC,EDAS-24IP
贺州,GX,HZS,111.5674,24.4258,142,100,CMG-3ESPC,EDAS-24IP
南宁,GX,NNS,108.1512,22.8911,367,100,CMG-3ESPC,EDAS-24IP
平果,GX,PGX,107.5781,23.3277,101,100,CMG-3ESPC,EDAS-24IP
平南,GX,PNX,110.4351,23.6136,70,100,CMG-3ESPC,EDAS-24IP
钦州,GX,QZS,108.6368,22.276,407,100,CMG-3ESPC,ESAS-24IP
天峨,GX,TE,107.168,24.9823,313,100,CMG-3ESPC,EDAS-24IP
涠州岛,GX,WZD,109.1015,21.0306,33,100,CMG-3ESPC,EDAS-24IP
梧州,GX,WZS,111.2339,23.4808,25,100,CMG-3ESPC,EDAS-24IP
忻城,GX,XCT,108.6101,23.9483,220,100,CMG-3ESPC,EDAS-24IP
玉林,GX,YLS,110.173,22.6351,81,100,CMG-3ESPC,EDAS-24IP
岩滩,GX,YTT,107.5175,24.0293,291,100,CMG-3ESPC,EDAS-24IP
德江,GZ,DJT,108.13,28.22,550,100,CTS-1,EDAS-24L
六盘水,GZ,LPS,104.77,26.65,2142,100,KS-2000(120s),SMART-24
兴义,GZ,XYT,104.9,25.04,1191,100,BBVS-60,EDAS-24IP
安顺,GZ,AST,106.0552,26.1518,1307,100,BBVS-60,EDAS-24IP
毕节,GZ,BJT,105.3497,27.2435,1464.5,100,BBVS-60,EDAS-24IP
凯里,GZ,KLT,107.986,26.5438,980.4,100,BBVS-60,EDAS-24IP
荔波,GZ,LBT,108.0274,25.3226,556,100,BBVS-60,EDAS-24IP
罗甸,GZ,LDT,106.7488,25.4249,431.1,100,BBVS-60,EDAS-24IP
黎平,GZ,LPT,109.217,26.1787,472.22,100,BBVS-60,EDAS-24IP
威宁,GZ,WNT,104.3029,26.9072,2324.3,100,BBVS-60,EDAS-24IP
玉屏,GZ,YPT,108.8132,27.2121,428.4,100,BBVS-60,EDAS-24IP
贞丰,GZ,ZFT,105.629,25.3872,1049,100,BBVS-60,EDAS-24IP
遵义,GZ,ZYT,106.851,27.7663,896.4,100,BBVS-60,EDAS-24IP
洛阳,HA,LYN,112.47,34.55,170,100,CTS-1EF,EDAS-24IP
南阳,HA,NY,112.27,33.14,250,100,KS-2000(120s),SMART-24
信阳,HA,XY,114.012,32.1326,87,100,CTS-1E,EDAS-24IP
安阳,HA,AY,114.296,36.0841,83,100,FSS-3DBH(2s),EDAS-24IP
大安,HA,DA,111.32,34.8,339,100,BBVS-60,EDAS-24IP
航海,HA,HH,113.61,34.71,111,100,FSS-3DBH(2s),EDAS-24IP
辉县,HA,HX,113.441,35.4475,485.3,100,BBVS-60,EDAS-24IP
尖山,HA,JS,113.24,34.61,150,100,BBVS-60,EDAS-24IP
济源,HA,JY,112.449,35.1629,295,100,BBVS-60,EDAS-24IP
焦作,HA,JZ,113.213,35.2675,238,100,BBVS-60,EDAS-24IP
卢氏,HA,LS,111.04,34.0183,595,100,CMG-3ESPC,EDAS-24IP
林州,HA,LZH,113.8348,36.0614,336,100,BBVS-60,EDAS-24IP
平顶山,HA,PDS,113.298,33.7116,107,100,BBVS-60,EDAS-24IP
濮阳,HA,PY,115.01,35.77,73,100,FSS-3(1s),EDAS-24IP
清丰,HA,QF,115.15,35.9,74,100,FSS-3DBH(2s),EDAS-24IP
商城,HA,SC,115.418,31.7905,124,100,CMG-3ESPC,EDAS-24IP
商丘,HA,SQ,115.64,34.46,54,100,FSS-3DBH(2s),EDAS-24IP
许昌,HA,XC,113.8381,34.0304,66,100,FSS-3DBH(2s),EDAS-24IP
浚县,HA,XX,114.539,35.6618,86,100,BBVS-60,EDAS-24IP
延津,HA,YJ,114.1833,35.15,57,100,FSS-3DBH(2s),EDAS-24IP
周口,HA,ZK,114.64,33.66,64,100,FSS-3DBH(2s),EDAS-24IP
驻马店,HA,ZMD,113.745,33.1334,159,100,BBVS-60,EDAS-24IP
恩施台,HB,ENS,109.4951,30.2763,457,100,CTS-1,EDAS-24IP
麻城台,HB,MCH,115.1551,31.1315,95,100,CTS-1,EDAS-24L
十堰台,HB,SYA,110.7186,32.5968,662,100,KS-2000(120s),Smart-24
武汉台,HB,WHN,114.3538,30.5429,36,100,JCZ-1,EDAS-24IP
钟祥台,HB,ZHX,112.7273,31.1724,64,100,CTS-1,EDAS-24L
丹江台,HB,DJI,111.5254,32.5527,122,100,BBVS-120,EDAS-24IP
大悟台,HB,DWU,114.12,31.4986,60,100,BBVS-60,EDAS-24IP
房县台,HB,FXI,110.724,31.9381,815,100,BBVS-60,EDAS-24IP
鹤峰台,HB,HFE,110.0213,29.9036,740,100,BBVS-60,EDAS-24IP
黄梅台,HB,HME,115.894,30.135,69,100,BBVS-60,EDAS-24IP
荆门台,HB,JME,112.1688,31.1191,152,100,BBVS-60,EDAS-24IP
嘉鱼台,HB,JYU,113.8389,29.816,67,100,BBVS-60,EDAS-24IP
利川台,HB,LCH,108.8821,30.3718,1256,100,BBVS-60,EDAS-24IP
南漳台,HB,NZH,111.616,31.3919,393,100,BBVS-120,EDAS-24IP
潜江台,HB,QJI,112.7733,30.4497,-416,100,FSS-3DBH,EDAS-24IP
石首台,HB,SSH,112.6898,29.6463,39,100,BBVS-60,EDAS-24IP
随州台,HB,SZH,113.39,31.63,71,100,BBVS-60,EDAS-24IP
松滋台,HB,SZI,111.7971,30.201,-243,100,FSS-3DBH,EDAS-24IP
襄樊台,HB,XFA,112.0416,32.0025,115,100,BBVS-60,EDAS-24IP
咸宁台,HB,XNI,114.4106,29.7158,81,100,BBVS-60,EDAS-24IP
兴山台,HB,XSH,110.8421,31.26,10,100,BBVS-60,EDAS-24IP
宜昌台,HB,YCH,111.3155,30.7836,91,100,BBVS-60,EDAS-24IP
宜都台,HB,YDU,111.2111,30.2136,357,100,BBVS-60,EDAS-24IP
阳新台,HB,YNX,115.1124,30.0227,79,100,BBVS-60,EDAS-24IP
郧西台,HB,YXI,110.4319,32.9864,285,100,BBVS-120,EDAS-24IP
竹山台,HB,ZSH,110.2167,32.2497,386,100,BBVS-60,EDAS-24IP
竹溪台,HB,ZUX,109.711,32.324,455,100,BBVS-60,EDAS-24IP
九峰,HB,WHA,114.5068,30.5059,85,100,JZC-1,EDAS-24IP
昌黎,HE,CLI,119.1,39.76,79,100,BBVS-120,EDAS-24GN
红山,HE,HNS,114.71,37.4,31,100,CTS-1EF,EDAS-24IP
沧州,HE,CAZ,116.84,38.34,7,50,FSS-3DBH（1S),EDAS-C24B
赤城,HE,CHC,115.84,40.91,884,100,BBVS-60,EDAS-24IP
承德,HE,CHD,117.92,41.02,397,100,BBVS-120,EDAS-24GN
磁县,HE,CXT,114.05,36.43,320,100,3ESPC-60,CMG-DM24
丰宁,HE,FEN,116.62,41.22,677,100,BBVS-60,EDAS-24IP
阜城,HE,FUC,116.16,37.86,27,100,FSS-3DBH（2S）,EDAS-24IP
肥乡,HE,FXT,114.95,36.62,44,100,FSS-3DBH（2S）,EDAS-24IP
岗南,HE,GAN,114.02,38.37,220,100,BBVS-60,EDAS-24GN
广宗,HE,GAZ,115.18,37.13,39,100,FSS-3DBH（2S）,EDAS-24IP
河间,HE,HEJ,116.09,38.45,11,100,FSS-3DBH（2S),EDAS-24GN
河顺,HE,HST,113.95,36.19,781,100,3ESPC-60,CMG-DM24
黄骅,HE,HUH,117.46,38.39,9,100,FSS-3DBH（1S),EDAS-24IP
井陉,HE,JNX,114.15,38.03,263,100,BBVS-60,EDAS-24GN
京唐港,HE,JTG,118.99,39.23,16,50,FSS-3DBH（1S),EDAS-C24B
康保,HE,KAB,114.59,41.85,1437,100,3ESPC-60,CMG-DM24
宽城,HE,KUC,118.47,40.59,320,100,BBVS-60,EDAS-24IP
临城,HE,LIC,114.39,37.45,130,100,3ESPC-60,CMG-DM24
蠡县,HE,LIX,115.56,38.49,27,50,FSS-3DBH（1S),EDAS-C24B
隆化,HE,LOH,117.71,41.32,587,100,3ESPC-60,CMG-DM24
鹿泉,HE,LUQ,114.31,38,217,100,BBVS-60,EDAS-24GN
临漳,HE,LZT,114.63,36.34,65,100,FSS-3DBH（2S）,EDAS-24IP
孟村,HE,MEC,117.1,38.06,30,100,FSS-3DBH（2S）,EDAS-24IP
青龙,HE,QIL,118.9,40.42,295,100,BBVS-60,EDAS-24IP
迁西,HE,QIX,118.32,40.2,157,100,BBVS-60,EDAS-24GN
任县,HE,REX,114.69,37.13,45,100,FSS-3DBH（2S）,EDAS-24IP
深县,HE,SHX,115.56,38.01,43,100,JDF-2,EDAS-24IP
涉县,HE,SXT,113.64,36.55,500,100,3ESPC-60,CMG-DM24
谈固,HE,TAG,114.55,38.03,67,50,FSS-3DBH（1S),EDAS-C24B
唐海,HE,TAH,118.43,39.25,9,100,FSS-3DBH（2S）,EDAS-24GN
桃林口,HE,TLK,119.04,40.14,133,100,BBVS-60,EDAS-24IP
武安,HE,WAT,114.05,36.81,510,100,3ESPC-60,CMG-DM24
围场,HE,WEC,117.75,41.93,907,100,3ESPC-60,CMG-DM24
无极,HE,WUJ,114.96,38.24,46,100,FSS-3DBH（2S),EDAS-24GN
新河,HE,XIH,115.22,37.52,40,100,FSS-3DBH（2S）,EDAS-24IP
兴隆,HE,XIL,117.47,40.41,601,100,BBVS-60,EDAS-24IP
行唐,HE,XIT,114.37,38.53,171,100,BBVS-60,EDAS-24GN
兴隆东,HE,XLD,118.02,40.39,280,100,BBVS-60,EDAS-24IP
新乐,HE,XLE,114.66,38.35,75,50,FSS-3DBH（1S),EDAS-C24B
邢台,HE,XTT,114.31,37.12,320,100,3ESPC-60,CMG-DM24
徐水,HE,XUS,115.66,39.02,32,50,FSS-3DBH（1S),EDAS-C24B
阳原,HE,YAY,114.17,40.16,1070,100,BBVS-60,EDAS-24GN
易县,HE,YIX,115.37,39.35,184,100,BBVS-120,EDAS-24GN
永年,HE,YON,114.42,36.75,120,100,3ESPC-60,CMG-DM24
永清,HE,YOQ,116.44,39.23,13,50,FSS-3DBH（1S),EDAS-C24B
元氏,HE,YUS,114.37,37.79,214,100,BBVS-60,EDAS-24GN
赞皇,HE,ZAH,114.4,37.66,143,100,BBVS-60,EDAS-24GN
枣强,HE,ZAQ,115.85,37.44,22,100,FSS-3DBH（2S）,EDAS-24IP
正定南,HE,ZDN,114.58,38.15,65,50,FSS-3DBH（1S）,EDAS-C24B
张北,HE,ZHB,114.49,41.4,1346,100,BBVS-60,EDAS-24IP
赵县,HE,ZHX,114.78,37.75,42,100,BBVS-60DBH,EDAS-24GN
张家口,HE,ZJK,114.9,40.83,858,100,BBVS-120,EDAS-24GN
琼中台,HI,QZN,109.8443,19.0294,230,100,CTS-1EF,EDAS-24IP
西沙台,HI,XSA,112.48,16.36,2.5,100,CTS-1EF,EDAS-24IP
白沙台,HI,BSH,109.1808,19.2478,178.1,100,BBVS-60,EDAS-24IP
白石岭台,HI,BSL,110.2616,19.3633,180,100,BBVS-60,EDAS-24IP
澄迈台,HI,CHM,110.0034,19.5968,88.7,100,BBVS-60,EDAS-24IP
定安台,HI,DAN,110.3239,19.67,26.7,100,BBVS-60,EDAS-24IP
东方台,HI,DOF,108.7292,19.0655,21.4,100,BBVS-60,EDAS-24IP
尖峰岭,HI,JFL,108.7895,18.704,178.1,100,BBVS-60,EDAS-24IP
陵水台,HI,LSH,109.9957,18.4998,31.39,100,BBVS-60,EDAS-24IP
雷州台,HI,LZH,110.176,20.5812,219.94,100,BBVS-60,EDAS-24IP
那大台,HI,NAD,109.6189,19.5337,142,100,CMG-3ESPC,TDE-324CI
琼海台,HI,QIH,110.4762,19.2217,32.1,100,BBVS-60,EDAS-24IP
青山岭台,HI,QSL,110.7542,19.6656,50,100,BBVS-60,EDAS-24IP
七星岭台,HI,QXL,110.599,20.0869,92.95,100,BBVS-60,EDAS-24IP
三亚台,HI,SAY,109.4935,18.204,9.37,100,BBVS-60,EDAS-24IP
松林岭,HI,SLL,109.4323,19.8082,165,100,CMG-3ESPC,TDE-324CI
万宁台,HI,WAN,110.4238,18.8007,77.6,100,BBVS-60,EDAS-24IP
翁田台,HI,WET,110.8704,19.9578,19,100,CMG-3ESPC,TDE-324CI
五指山台,HI,WZS,109.5276,18.7972,506.5,100,BBVS-60,EDAS-24IP
火山口,HI,HSK,110.215,19.9285,160.83,100,BBVS-60,EDAS-24IP
三江台,HI,SAJ,110.6413,19.8887,9.8,100,BBVS-60,EDAS-24IP
沙坡台,HI,SHP,110.3151,19.9499,54.1,100,BBVS-60,EDAS-24IP
永茂岭,HI,YML,110.2795,19.853,128.52,100,BBVS-60,EDAS-24IP
宾县,HL,BNX,127.403,45.739,165,100,CTS-1E,EDAS-24IP
鹤岗,HL,HEG,130.2364,47.3528,190,100,CTS-1E,EDAS-24L
黑河,HL,HEH,127.41,50.253,215,100,JCZ-1T,EDAS-24IP
加格达奇,HL,JGD,124.0923,50.3185,409,100,CTS-1E,EDAS-24L
牡丹江,HL,MDJ,129.589,44.616,255,100,CTS-1EF,EDAS-24IP
密山,HL,MIH,131.8099,45.6263,145,100,CTS-1E,EDAS-24L
漠河,HL,MOH,122.349,53.455,575,100,KS-2000(120s),SMART-24
碾子山,HL,NZN,122.8821,47.5374,305,100,CTS-1E,EDAS-24L
五大连池,HL,WDL,126.1361,48.6718,300,100,CTS-1E,EDAS-24L
宝清,HL,BAQ,132.1489,46.3296,180,100,BBVS-60,EDAS-24IP
北林,HL,BEL,127.1581,46.9717,170,100,CMG-3ESPC,EDAS-24IP
东宁,HL,DNI,131.0911,44.0572,200,100,BBVS-60,EDAS-24IP
抚远,HL,FUY,134.275,48.355,245,100,BBVS-120,EDAS-24IP
嘉荫,HL,JIY,129.866,49.0412,150,100,BBVS-60,EDAS-24IP
佳木斯,HL,JMS,130.3245,46.7325,180,100,BBVS-60,EDAS-24IP
萝北,HL,LBE,130.8286,47.596,160,100,BBVS-60,EDAS-24IP
讷河,HL,NEH,124.5637,48.4844,210,100,CMG-3ESPC,EDAS-24IP
庆安,HL,QAN,127.6181,46.584,230,100,BBVS-60,EDAS-24IP
七台河,HL,QTH,131.079,45.7422,180,100,BBVS-60,EDAS-24IP
双鸭山,HL,SYS,131.093,46.6589,210,100,BBVS-60,EDAS-24IP
塔河,HL,TAH,124.6672,52.3361,460,100,KS-2000(120s),EDAS-24IP
通河,HL,TOH,128.6508,46.0847,150,100,BBVS-60,EDAS-24IP
五常,HL,WUC,127.0801,45.1247,240,100,CMG-3ESPC,EDAS-24IP
逊克,HL,XUK,128.9159,49.0813,265,100,BBVS-60,EDAS-24IP
延寿,HL,YAS,128.4036,45.3377,260,100,BBVS-60,EDAS-24IP
伊春,HL,YCH,128.5647,47.6345,340,100,KS-2000(120s),EDAS-24IP
依兰,HL,YIL,129.2854,46.4763,240,100,BBVS-60,EDAS-24IP
肇源,HL,ZHY,124.3784,45.6815,-615,100,FSS-3DBH(2s),EDAS-24IP
笔架山,HL,BJS,126.081,48.687,455,100,BBVS-60,EDAS-24IP
红海林,HL,HHL,128.89,44.35,420,100,CMG-3ESPC,EDAS-24IP
柳河,HL,LIH,128.4996,44.3312,245,100,CMG-3ESPC,EDAS-24IP
地下森林,HL,SEL,128.53,44.19,790,100,CMG-3ESPC-60,EDAS-24IP
山庄,HL,SHZ,128.956,44.062,330,100,CMG-3ESPC,EDAS-24IP
团结,HL,TUJ,126.023,48.5968,114,100,FSS-3DBH(2s),EDAS-24IP
小北湖,HL,XBH,128.66,44.18,490,100,CMG-3ESPC,EDAS-24IP
长沙,HN,CNS,112.93,28.1819,86,100,CTS-1EF,EDAS-24IP
吉首,HN,JIS,109.7469,28.1483,195,100,CTS-1EF,EDAS-24IP
邵阳,HN,SHY,111.451,27.2121,265,100,CTS-1,EDAS-24L
桃源,HN,TAY,111.4603,28.877,40,100,CMG-3ESPB,TDE-324CI
茶陵,HN,CHL,113.5059,26.7951,280,100,CTS-1,EDAS-24L
郴州,HN,CHZ,113.0397,25.8187,185,100,CMG-3ESPC,TDE-324CI
衡阳,HN,HEY,112.5189,26.9203,101,100,CMG-3ESPC,TDE-324CI
洪江,HN,HOJ,109.9951,27.1145,220,100,CMG-3ESPC,TDE-324CI
华容,HN,HUR,112.5563,29.5498,44,100,JDF-1,TDE-324CI
津市,HN,JGS,111.89,29.39,63,100,CMG-3ESPB,TDE-324CI
娄底,HN,LOD,112.0054,27.7291,78,100,CMG-3ESPC,TDE-324CI
汨罗,HN,MIL,113.0769,28.8044,65,100,CMG-3ESPB,TDE-324CI
宁乡,HN,NIX,112.3449,27.9915,110,100,CMG-3ESPC,TDE-324CI
益阳,HN,YIY,112.323,28.5771,107,100,CMG-3ESPC,TDE-324CI
永州,HN,YOZ,111.6169,26.2224,120,100,CMG-3ESPC,TDE-324CI
张家界,HN,ZJJ,110.5567,29.351,250,100,CMG-3ESPC,TDE-324CI
长春台,JL,CN2,125.45,43.8,223,100,CTS-1EF,EDAS-24IP
长白山站,JL,CBS,128.07,42.07,1790,100,CTS-1,EDAS-24L
通化台,JL,THT,125.998,41.6971,470.8,100,CTS-1,EDAS-24L
延边台,JL,YNB,129.489,43.0029,333.3,100,JCZ-1,EDAS-24L
榆树子台,JL,YST,126.7519,44.7636,244.8,100,KS-2000(120s),SMART-24
安广台,JL,AGT,123.7635,45.598,171.2,100,FSS-3DBH(1s),EDAS-24IP
白城子台,JL,BCT,122.2068,45.5543,247.6,100,BBVS-60,EDAS-24IP
长岭台,JL,CLT,124.045,44.2781,217.2,100,FSS-3DBH(1s),EDAS-24IP
敦化台,JL,DHT,128.198,43.344,599.2,100,BBVS-60,EDAS-24IP
丰满台,JL,FMT,126.664,43.7278,260.4,100,BBVS-60,EDAS-24IP
抚松台,JL,FST,127.381,42.2576,770.5,100,CMG-3ESPC,EDAS-24IP
珲春台,JL,HCT,130.465,42.6423,167.5,100,BBVS-60,EDAS-24IP
红石台,JL,HST,127.14,42.9492,377.6,100,BBVS-60,EDAS-24IP
辽源台,JL,LYT,125.149,42.9476,323.9,100,BBVS-60,EDAS-24IP
磐石台,JL,PST,126.078,42.9501,408.8,100,BBVS-60,EDAS-24IP
乾安台,JL,QAT,124.004,45.0061,164.4,100,FSS-3DBH(2s),EDAS-24IP
农安台,JL,SGT,124.907,44.0894,221,100,BBVS-60,EDAS-24IP
双辽台,JL,SLT,123.9005,43.6881,160.4,100,FSS-3DBH(2s),EDAS-24IP
四平子台,JL,SPT,124.5349,43.1997,256.6,100,BBVS-60,EDAS-24IP
松原子台,JL,SYT,124.76,45.2517,162.3,100,FSS-3DBH(2s),EDAS-24IP
双阳台,JL,SYZT,125.674,43.5389,251.5,100,BBVS-60,EDAS-24IP
通榆台,JL,TYT,123.031,44.7918,182.9,100,FSS-3DBH(2s),EDAS-24IP
云峰台,JL,YFT,126.512,41.3621,328.7,100,BBVS-60,EDAS-24IP
白山站,JL,BST,126.3685,41.9452,551.9,100,BBVS-60,EDAS-24IP
金川台,JL,JCT,126.393,42.3517,669.5,100,BBVS-60,EDAS-24IP
靖宇台,JL,JYT,126.81,42.3723,654.6,100,BBVS-60,EDAS-24IP
柳河台,JL,LHT,125.717,42.286,426.9,100,BBVS-60,EDAS-24IP
长白台,JL,CBT,128.174,41.42,755,100,CMG-3ESPC,EDAS-24IP
漫江台,JL,MJT,127.594,41.9478,863,100,BBVS-60,EDAS-24IP
山门台,JL,SMT,128.174,42.1882,1149,100,FSS-3DBH(2s),EDAS-24IP
中心台,JL,ZXT,128.106,42.41,768,100,FSS-3DBH(2s),EDAS-24IP
东大坡,JL,DDP,128.1006,42.0539,2300,100,CMG-3ESPC,EDAS-24IP
横山台,JL,HSH,128.1,40.733,1280,100,CMG-3ESPC,EDAS-25IP
气象站,JL,QXZ,128.0679,42.0292,2660,100,CMG-3ESPC,EDAS-26IP
双目峰,JL,SMF,128.2694,42.03,1440,100,CMG-3ESPC,EDAS-27IP
维东台,JL,WDT,128.02,41.99,2253,100,CMG-3ESPC,EDAS-28IP
西大坡,JL,XDP,128.0352,42.0633,1950,100,CMG-3ESPC,EDAS-29IP
连云港,JS,LYG,119.2425,34.6414,40,100,CTS-1EF,EDAS-24IP
南京,JS,NJ2,118.8544,32.0517,45,100,CMG-3ESPC-120,CMG-DM24
宝应,JS,BY,119.2667,33.2625,-500,100,CMG-3TB-120,CMG-DM24
常熟,JS,CS,120.7147,31.67,27,100,CMG-3ESPC,CMG-DM24
常州,JS,CZ,120.0978,31.7725,106,100,CMG-3ESPC,CMG-DM24
东海,JS,DH,118.7719,34.505,30,100,CMG-3ESPC,CMG-DM24
赣榆,JS,GAY,118.9831,34.9433,65,100,CMG-3ESPC,CMG-DM24
高淳,JS,GC,119.0169,31.3531,50,100,CMG-3ESPC,CMG-DM24
灌云,JS,GUY,119.2378,34.3094,43,100,CMG-3ESPC,CMG-DM24
高邮,JS,GY,119.43,32.73,-354,100,CMG-3TB-120,CMG-DM24
海安,JS,HA,120.6589,32.4989,-450,100,CMG-3TB-120,CMG-DM24
淮安,JS,HUA,119.005,33.6147,-298,100,JDF-2,EDAS-24IP
靖江,JS,JJ,120.3031,32.0658,10,100,CMG-3ESPC,CMG-DM24
金坛,JS,JT,119.5428,31.7342,80,100,CMG-3ESPC,CMG-DM24
昆山,JS,KS,120.95,31.39,30,100,CMG-3ESPC,CMG-DM24
涟水,JS,LAS,119.2833,33.7717,-400,100,CMG-3TB-120,CMG-DM24
六合,JS,LH,118.9447,32.515,104,100,CMG-3ESPC,CMG-DM24
溧水,JS,LIS,119.1136,31.6464,36,100,CMG-3ESPC,CMG-DM24
溧阳,JS,LY,119.4619,31.3839,-48,100,CMG-3TB-120,CMG-DM24
南通,JS,NT,120.8906,31.9517,-105,100,CMG-3TB-120,CMG-DM24
沛县,JS,PX,116.9,34.8,-370,100,JDF-2,EDAS-24IP
邳州,JS,PZ,117.97,34.52,50,100,CMG-3ESPC,CMG-DM24
启东,JS,QD,121.6853,31.8364,-405,100,CMG-3TB-120,CMG-DM24
前三岛,JS,QSD,119.83,34.92,23,100,CMG-3ESPC,CMG-DM24
如东,JS,RD,121.1353,32.4014,-430,100,CMG-3TB-120,CMG-DM24
泗洪,JS,SH,118.1564,33.5444,35,100,CMG-3ESPC,CMG-DM24
宿迁,JS,SQ,118.3067,34.05,69,100,CMG-3ESPC,CMG-DM24
射阳,JS,SY,120.36,33.74,-380,100,CMG-3TB-120,CMG-DM24
泰州,JS,TZ,119.9192,32.4092,-490,100,CMG-3TB-120,CMG-DM24
无锡,JS,WX,120.2228,31.5253,30,100,CMG-3ESPC,CMG-DM24
兴化,JS,XH,119.8467,32.8886,-450,100,CMG-3TB-120,CMG-DM24
新沂,JS,XIY,118.3892,34.3808,35,100,CMG-3ESPC,CMG-DM24
徐圩,JS,XW,119.5422,34.4981,45,100,CMG-3ESPC,CMG-DM24
盱眙,JS,XY,118.49,33.07,40,100,CMG-3ESPC,CMG-DM24
徐州,JS,XZ,117.1658,34.2314,62,100,CMG-3ESPC,CMG-DM24
盐城,JS,YC,120.02,33.37,-400,100,CMG-3TB-120,CMG-DM24
宜兴,JS,YX,119.6369,31.155,50,,DS-4A,TDE-324CI
镇江,JS,ZJ,119.4472,32.1483,34,100,CMG-3ESPC,CMG-DM24
会昌,JX,HUC,115.774,25.6063,252,100,JCZ-1,EDAS-24IP
九江,JX,JIJ,116.01,29.6474,121,100,CTS-1,EDAS-24L
南昌,JX,NNC,115.8,28.77,78,100,CTS-1,EDAS-24IP
上饶,JX,SHR,117.976,28.4434,110,100,CTS-1,EDAS-24L
安远,JX,ANY,115.394,25.143,339,100,BBVS-60,EDAS-24IP
大余,JX,DAY,114.364,25.3908,199,100,KS-2000(60s),EDAS-24IP
都昌,JX,DUC,116.194,29.2563,174,100,KS-2000(60s),EDAS-24IP
丰城,JX,FEC,115.728,27.9325,62,100,KS-2000(60s),EDAS-24IP
高安,JX,GAA,115.3529,28.4179,66,100,BBVS-60,EDAS-24IP
赣州,JX,GAZ,114.975,25.7903,159,100,KS-2000(60s),EDAS-24IP
景德镇,JX,JDZ,117.261,29.2754,90,100,KS-2000(60s),EDAS-24IP
井冈山,JX,JGS,114.161,26.5618,850,100,KS-2000(60s),EDAS-24IP
吉安,JX,JIA,115.0445,27.0635,91,100,KS-2000(60s),EDAS-24IP
进贤,JX,JIX,116.247,28.2122,234,100,KS-2000M,EDAS-24IP
乐安,JX,LEA,115.848,27.4101,260,100,KS-2000(60s),EDAS-24IP
龙南,JX,LON,114.817,24.7694,274,100,KS-2000(60s),EDAS-24IP
南城,JX,NAC,116.576,27.5393,392,100,BBVS-60,EDAS-24IP
石城,JX,SHC,116.331,26.2987,256,100,BBVS-60,EDAS-24IP
万安,JX,WAA,114.803,26.3652,127,100,KS-2000(60s),EDAS-24IP
修水,JX,XIS,114.563,29.0397,159,100,KS-2000(60s),EDAS-24IP
寻乌,JX,XUW,115.608,24.9954,350,100,KS-2000(60s),EDAS-24IP
宜春,JX,YIC,114.37,27.809,102,100,BBVS-60,EDAS-24IP
永修,JX,YOX,115.606,29.0832,562,100,BBVS-60,EDAS-24IP
余干,JX,YUG,116.625,28.826,41,100,KS-2000(60s),EDAS-24IP
朝阳,LN,CHY,120.4853,41.5733,208,100,CTS-1,EDAS-24L
丹东,LN,DDO,124.3903,40.1457,45,100,CTS-1,EDAS-24L
大连,LN,DL2,121.6283,38.9062,62,100,CTS-1EF,EDAS-24IP
沈阳,LN,SNY,123.578,41.8278,54,100,JCZ-1,EDAS-24IP
营口,LN,YKO,122.6032,40.6835,80,100,CTS-1EF,EDAS-24IP
鞍山,LN,ANS,123.0134,41.1054,78,100,BBVS-60,EDAS-24IP
北票,LN,BEP,120.6987,41.7833,260,100,BBVS-60,EDAS-24IP
本溪,LN,BXI,123.7797,41.267,650,100,BBVS-60,EDAS-24IP
北镇,LN,BZH,121.7641,41.5991,75,100,BBVS-60,EDAS-24IP
法库,LN,FKU,123.3468,42.5083,170,100,BBVS-60,EDAS-24IP
抚顺,LN,FSH,123.9167,41.8833,113,100,BBVS-60,EDAS-24IP
阜新,LN,FXI,121.5993,42.0528,177,100,BBVS-60,EDAS-24IP
盖县,LN,GAX,122.3663,40.4133,23,100,BBVS-60,EDAS-24IP
高升,LN,GSH,122.2555,41.3148,6,100,FSS-3DBH(2s),EDAS-24IP
孤山,LN,GUS,123.5833,39.9,80,100,BBVS-60,EDAS-24IP
黄58井,LN,H58,122.2555,40.9883,7,100,FSS-3DBH(2s),EDAS-24IP
横山,LN,HSH,121.274,39.5373,65,100,BBVS-60,EDAS-24IP
桓仁,LN,HUR,125.3538,41.2788,296,100,BBVS-60,EDAS-24IP
后新秋,LN,HXQ,122.7716,42.5846,73,100,BBVS-60,EDAS-24IP
建昌,LN,JCA,119.8769,40.8286,426,100,BBVS-60,EDAS-24IP
锦州,LN,JZH,121.1399,41.0754,47,100,BBVS-60,EDAS-24IP
宽甸,LN,KDN,124.7821,40.741,327,100,BBVS-60,EDAS-24IP
老虎台,LN,LHT,123.95,41.83,110,100,BBVS-60,EDAS-24IP
凌原,LN,LYA,119.3823,41.2187,448,100,BBVS-60,EDAS-24IP
辽阳,LN,LYN,123.2833,41.2667,67,100,BBVS-60,EDAS-24IP
木奇,LN,MQI,124.5889,41.7679,312,100,BBVS-60,EDAS-24IP
南票,LN,NAP,120.7582,41.089,106,100,BBVS-60,EDAS-24IP
清原,LN,QYU,124.9286,42.0788,287,100,BBVS-60,EDAS-24IP
首山,LN,SHS,120.966,40.7219,65,100,BBVS-60,EDAS-24IP
绥中,LN,SUZ,120.2442,40.3766,41,100,BBVS-60,EDAS-24GN
铁岭,LN,TIL,123.9,42.2667,101,100,BBVS-60,EDAS-24IP
瓦房店,LN,WFD,121.9874,39.6298,252,100,BBVS-60,EDAS-24IP
西丰,LN,XFN,124.712,42.742,135,100,BBVS-60,EDAS-24IP
新民,LN,XMN,122.8678,42.0709,88,100,BBVS-60,EDAS-24IP
岫岩,LN,XYN,123.2595,40.2745,107,100,BBVS-60,EDAS-24IP
阿古拉,NM,AGL,122.6275,43.3034,207,100,CTS-1,EDAS-24L
阿尔山,NM,ARS,119.952,47.1742,1077,100,CTS-1,EDAS-24L
宝昌,NM,BAC,115.2681,41.8989,1477,100,CTS-1,EDAS-24L
包头,NM,BTO,109.8778,40.7437,1305,100,KS-2000(120s),SMART-24
赤峰,NM,CHF,118.9806,42.2966,559,100,CTS-1,EDAS-24L
根河,NM,GNH,121.4618,50.7768,724,100,CTS-1,EDAS-24L
呼和浩特,NM,HHC,111.5583,40.8667,1169,100,JCZ-1,EDAS-24L
海拉尔,NM,HLR,119.74,49.27,610,100,BBVS-120,EDAS-24IP
乌加河,NM,WJH,108.078,41.3041,1092,100,JCZ-1,EDAS-24L
乌兰浩特,NM,WLT,122.0271,46.0398,377,100,CTS-1,EDAS-24L
锡林浩特,NM,XLT,116.0805,43.8998,1491,100,CTS-1E,EDAS-24IP
保合少,NM,BHS,112.0258,40.965,1510,100,BBVS-60,EDAS-24IP
百灵庙,NM,BLM,110.428,41.71,1337,100,BBVS-60,EDAS-24IP
巴彦浩特,NM,BYT,105.7168,38.8461,1601,100,BBVS-120,EDAS-24IP
绰尔,NM,CHR,121.177,47.9734,797,100,BBVS-60,EDAS-24IP
察素齐,NM,CSQ,111.048,40.7279,1067,100,BBVS-60,EDAS-24IP
东胜(井下）,NM,DOSH,110.064,39.8004,1480,100,CMG-3T,CMG-DM24
东升庙,NM,DSM,107.054,41.0947,1059,100,BBVS-60,EDAS-24IP
和林格尔,NM,HLG,111.844,40.3762,1194,100,BBVS-60,EDAS-24IP
霍林郭勒,NM,HLH,119.659,45.4689,894,100,BBVS-60,EDAS-24IP
音德尔,NM,IDR,122.89,46.7313,238,100,BBVS-60,EDAS-24IP
集宁,NM,JIN,113.152,40.9968,1364,100,BBVS-120,EDAS-24IP
克什克腾,NM,JIP,117.545,43.2445,1081,100,BBVS-60,EDAS-24IP
凉城,NM,LCH,112.5109,40.5411,1271,100,BBVS-120,EDAS-24IP
林西,NM,LIX,118.054,43.6221,840,100,BBVS-60,EDAS-24IP
鲁北,NM,LUB,120.882,44.5462,303,100,BBVS-60,EDAS-24IP
莫尔道嘎,NM,MDG,120.778,51.2719,721,100,BBVS-60,EDAS-24IP
满洲里,NM,MZL,117.44,49.5545,755,100,BBVS-60,EDAS-24IP
宁城,NM,NIC,118.875,41.7251,693,100,BBVS-60,EDAS-24IP
那吉屯,NM,NJT,123.386,48.184,291,100,BBVS-60,EDAS-24IP
清水河,NM,QSH,111.6734,39.8988,1185,100,BBVS-60,EDAS-24IP
二连浩特,NM,RLT,111.9228,43.686,959,100,BBVS-120,EDAS-24IP
天山,NM,TIS,120.112,43.863,396,100,BBVS-60,EDAS-24IP
乌兰花,NM,WLH,111.706,41.5191,1515,100,BBVS-120,EDAS-24IP
乌海,NM,WUH,106.8392,39.6645,1120,100,BBVS-60,EDAS-24IP
新惠,NM,XIH,119.889,42.2545,626,100,BBVS-60,EDAS-24IP
阿拉坦额莫勒,NM,XIQ,116.786,48.6518,571,100,BBVS-60,EDAS-24IP
西山咀,NM,XSZ,108.734,40.7398,1118,100,BBVS-60,EDAS-24IP
扎兰屯,NM,ZLT,122.652,48.0293,413,100,BBVS-60,EDAS-24IP
固原,NX,GYU,106.1701,35.9639,1926,100,CTS-1E,EDAS-24L
银川,NX,YCH,105.9328,38.6086,1545,100,CTS-1EF,EDAS-24IP
盐池,NX,YCI,107.4372,37.7785,1312,100,CTS-1EF,EDAS-24GN
海原,NX,HYU,105.6008,36.5012,2220,100,BBVS-60,EDAS-24IP
泾源,NX,JYU,106.3393,35.4863,1872,100,BBVS-60,EDAS-24GN
灵武,NX,LWU,106.3313,38.1011,1200,100,JDF-2,EDAS-24IP
牛首山,NX,NSS,106.0829,37.6962,1427,100,CMG-3ESPC,EDAS-24IP
石嘴山,NX,SZS,106.6599,39.283,1277,100,BBVS-60,EDAS-24GN
陶乐,NX,TLE,106.6968,38.8074,1109,100,JDF-2,EDAS-24IP
同心,NX,TXN,106.2827,37.3032,2553,100,BBVS-60,EDAS-24IP
西吉,NX,XJI,105.758,36.0877,2304,100,CMG-3ESPC,EDAS-24IP
香山,NX,XSH,105.2029,37.249,1830,100,CMG-3ESPC,EDAS-24IP
中卫,NX,ZHW,105.2441,37.5857,1220,100,BBVS-60,EDAS-24GN
大武,QH,DAW,100.2484,34.4782,3736,100,CTS-1E,EDAS-24IP
德令哈,QH,DLH,97.3775,37.3807,2995,100,CTS-1E,EDAS-24IP
都兰,QH,DUL,98.1195,36.2822,3220,100,CTS-1E,EDAS-24IP
格尔木,QH,GOM,94.8145,36.1984,3121,100,JCZ-1T,EDAS-24IP
花土沟,QH,HTG,90.7138,37.8664,3210,100,CTS-1EF,EDAS-24IP
湟源,QH,HUY,101.1918,36.6562,2826,100,CTS-1,EDAS-24IP
祁连,QH,QIL,100.1818,38.1497,3138,100,CTS-1,EDAS-24GN
沱沱河,QH,TTH,92.3206,34.2187,4632,100,CTS-1EF,EDAS-24GN
玉树,QH,YUS,97.0155,33.0119,3767,100,CTS-1EF,EDAS-24GN
班玛,QH,BAM,100.727,32.9486,3570,100,BBVS-60,EDAS-24IP
大通,QH,DAT,101.6973,36.9439,2475,100,BBVS-60,EDAS-24GN
大柴旦,QH,DCD,95.3759,37.9324,3570,100,BBVS-60,EDAS-24IP
化隆,QH,HUL,102.2481,36.0737,3134,100,BBVS-60,EDAS-24IP
乐都,QH,LED,102.3972,36.5514,2169,100,BBVS-60,EDAS-24IP
冷湖,QH,LEH,93.4144,38.8189,2775,100,BBVS-60,EDAS-24IP
拉脊山,QH,LJS,101.45,36.3553,3858,100,BBVS-60,EDAS-24IP
李家峡,QH,LJX,101.8392,35.9929,2934,100,BBVS-60,EDAS-24IP
龙王山,QH,LWS,102.1214,36.9182,3163,100,BBVS-60,EDAS-24IP
龙羊峡,QH,LYX,101.1814,35.8714,3310,100,BBVS-60,EDAS-24IP
玛多,QH,MAD,98.2081,34.9199,4280,100,BBVS-60,EDAS-24IP
门源,QH,MEY,101.4,37.4716,2978,100,BBVS-60,EDAS-24IP
民和,QH,MIH,102.7842,36.3687,2530,100,BBVS-60,EDAS-24IP
曲麻莱,QH,QML,95.8297,34.1709,4325,100,BBVS-60,EDAS-24IP
青沙山,QH,QSS,101.9749,36.2682,3342,100,BBVS-60,EDAS-24IP
天峻,QH,TIJ,98.8953,37.2491,3648,100,BBVS-60,EDAS-24IP
同仁,QH,TOR,102.0096,35.5191,2522,100,BBVS-60,EDAS-24IP
兴海,QH,XIH,99.8089,35.507,3808,100,BBVS-60,EDAS-24IP
西宁,QH,XIN,101.7247,36.6278,2352,100,BBVS-60,EDAS-24IP
循化,QH,XUH,102.4976,35.8625,1948,100,BBVS-60,EDAS-24IP
杂多,QH,ZAD,95.3169,32.8943,4076,100,BBVS-60,EDAS-24IP
巴塘,SC,BTA,99.1172,30.0101,2639,100,CTS-1E,EDAS-24L
成都,SC,CD2,103.7578,30.91,653,100,JCZ-1T,EDAS-24IP
姑咱,SC,GZA,102.1726,30.1173,1410,100,CTS-1E,EDAS-24IP
泸州,SC,LZH,105.4136,28.8724,330,100,CMG-3T,EDAS-24IP
攀枝花,SC,PZH,101.7425,26.5033,1190,100,CTS-1EF,EDAS-24IP
松潘,SC,SPA,103.6031,32.6497,2905,100,CTS-1E,EDAS-24L
乡城,SC,XCE,99.7917,28.9417,3000,100,CTS-1E,EDAS-24IP
安县,SC,AXI,104.4311,31.638,587,100,CMG-3ESPC,EDAS-24IP
丙乙底,SC,BYD,103.1877,27.8097,3160,100,BBVS-60,EDAS-24IP
巴中,SC,BZH,106.7445,31.8408,442,100,CMG-3ESPC,EDAS-24IP
道孚,SC,DFU,101.1215,30.991,3035,100,CMG-3ESPC,EDAS-24IP
峨眉山,SC,EMS,103.4542,29.5767,467,100,CMG-3ESPC,EDAS-24IP
甘孜,SC,GZI,100.0185,31.6101,3360,100,CMG-3ESPC,EDAS-24IP
会理,SC,HLI,102.2528,26.653,1836,100,CMG-3ESPC,EDAS-24IP
荣县,SC,HMS,104.3979,29.5717,839,100,CMG-3ESPC,EDAS-24IP
黑水,SC,HSH,102.9867,32.0637,2344,100,CMG-3ESPC,EDAS-24IP
高县,SC,HWS,104.7361,28.6396,860,100,CMG-3ESPC,EDAS-24IP
华蓥山,SC,HYS,106.8402,30.4163,473,100,CMG-3ESPC,EDAS-24IP
中江,SC,JJS,104.5456,31.0045,908,100,CMG-3ESPC,EDAS-24IP
筠连,SC,JLI,104.5156,28.1789,480,100,CMG-3ESPC,EDAS-24IP
九龙,SC,JLO,101.5125,28.9958,2915,100,CMG-3ESPC,EDAS-24IP
剑门关,SC,JMG,105.5597,32.2054,801,100,CMG-3ESPC,EDAS-24IP
井研,SC,JYA,103.9276,29.7939,570,100,CMG-3ESPC,EDAS-24IP
雷波,SC,LBO,103.5703,28.2722,1310,100,CMG-3ESPC,EDAS-24IP
泸沽湖,SC,LGH,100.8615,27.7143,2669,100,CMG-3ESPC,EDAS-24IP
理塘,SC,LTA,100.2694,30.0004,3951,100,CMG-3ESPC,EDAS-24IP
马边,SC,MBI,103.5336,28.8405,640,100,CMG-3ESPC,EDAS-24IP
雅安,SC,MDS,103.0408,30.0748,1210,100,CMG-3ESPC,EDAS-24IP
马尔康,SC,MEK,102.2239,31.9039,2765,100,CMG-3ESPC,EDAS-24IP
美姑,SC,MGU,103.1346,28.3274,2056,100,BBVS-60,EDAS-24IP
木里,SC,MLI,101.2719,27.9324,2437,100,BBVS-60,EDAS-24IP
冕宁,SC,MNI,102.1739,28.3326,1657,100,BBVS-60,EDAS-24IP
茂县,SC,MXI,103.8553,31.6815,1582,100,BBVS-60,EDAS-24IP
普格,SC,PGE,102.5424,27.3839,1427,100,BBVS-60,EDAS-24IP
平武,SC,PWU,104.5482,32.4157,882,100,CMG-3ESPC,EDAS-24IP
青川,SC,QCH,105.2277,32.5932,800,100,CMG-3ESPC,EDAS-24IP
若尔盖,SC,REG,102.9647,33.5815,3470,100,CMG-3ESPC,EDAS-24IP
壤塘,SC,RTA,100.9799,32.2687,3317,100,CMG-3ESPC,EDAS-24IP
石棉,SC,SMI,102.3495,29.226,860,100,CMG-3ESPC,EDAS-24IP
石门坎,SC,SMK,102.75,26.8553,2360,100,CMG-3ESPC,EDAS-24IP
汶川,SC,WCH,103.5876,31.479,1315,100,CMG-3ESPC,EDAS-24IP
沐川,SC,WMP,103.7895,29.0526,1260,100,CMG-3ESPC,EDAS-24IP
西充,SC,XCO,105.9016,31.0183,336,100,CMG-3ESPC,EDAS-24IP
宣汉,SC,XHA,107.7175,31.3738,390,100,CMG-3ESPC,EDAS-24IP
小金,SC,XJI,102.3579,30.995,2427,100,CMG-3ESPC,EDAS-24IP
玄生坝,SC,XSB,102.4478,27.8622,2800,100,CMG-3ESPC,EDAS-24IP
仁寿,SC,YGD,104.1025,30.2009,800,100,CMG-3ESPC,EDAS-24IP
雅江,SC,YJI,101.0117,30.0344,2670,100,CMG-3ESPC,EDAS-24IP
园艺场,SC,YYC,102.2596,27.8486,1608,100,CMG-3ESPC,EDAS-24IP
盐源,SC,YYU,101.6776,27.4669,2596,100,CMG-3ESPC,EDAS-24IP
都江堰,SC,YZP,103.5689,30.8692,766,100,CMG-3ESPC,EDAS-24IP
江油,SC,ZJG,104.6729,31.7925,612,100,CMG-3ESPC,EDAS-24IP
天全,SC,TQU,102.7643,30.0735,754,100,BBVS-60,EDAS-24IP
宝兴,SC,BAX,102.8131,30.3715,997,100,BBVS-60,EDAS-24IP
安岳,SC,AYU,105.3365,30.0521,348,100,BBVS-60,EDAS-24IP
盐亭,SC,YTI,105.3612,31.212,385,100,BBVS-60,EDAS-24IP
苍溪,SC,CXI,105.9504,31.707,458,100,BBVS-60,EDAS-24IP
旺苍,SC,WCA,106.1967,32.1771,610,100,BBVS-60,EDAS-24IP
红原,SC,HYU,102.5242,32.813,3495,100,BBVS-60,EDAS-24IP
九寨沟,SC,JZG,104.2363,33.2573,1442,100,BBVS-60,EDAS-24IP
嘉祥,SD,JIX,116.35,35.4,108,100,CTS-1E,EDAS-24L
青岛,SD,QID,120.4,36.06,14,100,CTS-1E,EDAS-24L
泰安,SD,TIA,117.1,36.25,300,100,JCZ-1TF,EDAS-24IP
烟台,SD,YTA,121.39,37.52,2,100,KS-2000(120s),SMART-24
安丘,SD,ANQ,119.22,36.37,100,100,CMG-3ESPC,EDAS-24IP
北隍城,SD,BHC,120.91,38.39,55,100,BBVS-60,EDAS-24IP
长岛,SD,CHD,120.74,37.91,51,100,BBVS-60,EDAS-24IP
成武,SD,CHW,115.87,34.94,63,100,FSS-3DBH(2s),EDAS-24IP
苍山,SD,CSH,118.05,34.85,66,100,CMG-3ESPC,EDAS-24IP
东营,SD,DOY,118.5,37.47,13,100,FSS-3DBH(2s),EDAS-24IP
独山岛,SD,DSD,116.75,35.1,72,100,BBVS-60,EDAS-24IP
大山,SD,DSH,117.67,38.01,42,100,BBVS-60,EDAS-24GN
德州,SD,DZH,116.3,37.45,35,100,FSS-3DBH(2s),EDAS-24IP
海化,SD,HAH,118.98,37.12,6,100,FSS-3DBH(2s),EDAS-24IP
海阳,SD,HAY,121.32,36.82,79,100,BBVS-60,EDAS-24IP
菏泽,SD,HEZ,115.44,35.25,53,100,FSS-3DBH（2S）,EDAS-24IP
济南,SD,JIN,117.04,36.64,131,100,CMG-3ESPC,EDAS-24IP
莒南,SD,JUN,118.85,35.17,134,100,BBVS-60,EDAS-24IP
莒县,SD,JUX,118.9,35.54,149,100,BBVS-120,EDAS-24IP
莱阳,SD,LAY,120.72,36.99,77,100,BBVS-120,EDAS-24IP
聊城,SD,LCH,116.03,36.43,34,100,FSS-3DBH(2s),EDAS-24IP
临沭,SD,LIS,118.69,34.95,192,100,BBVS-60,EDAS-24IP
龙口,SD,LOK,120.51,37.55,168,100,BBVS-60,EDAS-24IP
临朐,SD,LQU,118.49,36.41,208,100,BBVS-120,EDAS-24IP
梁山,SD,LSH,116.08,35.81,6,100,BBVS-120,EDAS-24IP
莱州,SD,LZH,121,37.22,239,100,BBVS-60,EDAS-24IP
牛岚,SD,NLA,117.98,35.52,267,100,BBVS-120,EDAS-24IP
荣城,SD,RCH,122.42,37.17,64,100,BBVS-60,EDAS-24IP
乳山,SD,RSH,121.6,36.92,98,100,BBVS-120,EDAS-24IP
日照,SD,RZH,119.52,35.42,88,100,BBVS-60,EDAS-24IP
商河,SD,SHH,117.31,37.2,19,100,FSS-3DBH(2s),EDAS-24IP
郯城,SD,TCH,118.46,34.7,110,100,BBVS-120,EDAS-24IP
文登,SD,WED,121.92,37.18,99,100,BBVS-60,EDAS-24IP
潍坊,SD,WEF,119.12,36.7,55,100,FSS-3DBH(2s),EDAS-24IP
威海,SD,WEH,122.09,37.51,88,100,FSS-3DBH(2s),EDAS-24IP
五莲,SD,WUL,119.2,35.75,152,100,BBVS-60,EDAS-24IP
新泰,SD,XIT,117.76,35.95,280,100,BBVS-60,EDAS-24IP
沂水,SD,YSH,118.63,35.79,174,100,BBVS-60,EDAS-24IP
邹城,SD,ZCH,117.01,35.38,138,100,CMG-3ESPC,EDAS-24IP
佘山,SH,SSE,121.186,31.1,10,100,CTS-1EF,TDE-324CI
八角亭,SH,BJT,124.927,29.1246,-780,100,JDF-1,TDE-324CI
大新中学,SH,DAX,121.5333,31.5833,-375,100,FSS-3DBH(2s),TDE-324CI
东滩,SH,DOT,121.95,31.55,-421,100,FSS-3DBH（2S）,TDE-324CI
大洋山,SH,DYS,122.0667,30.5833,15,100,CMG-3ESPC,TDE-324CI
横湖,SH,HUH,119.7975,30.4478,18,100,KS-2000(60s),TDE-324CI
金泽,SH,JIZ,120.9033,31.0775,-305,100,FSS-3DBH(2s),TDE-324CI
南汇,SH,NAH,121.7556,31.0475,-280,100,JDF-2,TDE-324CI
秦皇山,SH,QHS,121.2592,30.7922,13,100,KS-2000(60s),TDE-324CI
上戏,SH,SHX,121.4353,31.2186,-380,100,FSS-3DBH（2S）,TDE-324CI
天马山,SH,TMS,121.1483,31.0783,26,100,KS-2000(60s),TDE-324CI
天平山,SH,TPS,120.4942,31.2892,39,100,CMG-3ESPC,TDE-324CI
小昆山,SH,XKS,121.1419,31.0578,30,100,KS-2000(60s),TDE-324CI
竹园公园,SH,ZHY,121.5167,31.2333,-600,100,JDF-1,TDE-324CI
安康(国),SN,ANKG,109.0372,32.6698,297,100,JCZ-1T,EDAS-24IP
汉中(国),SN,HZHG,107.4325,33.2532,497,100,CTS-1,EDAS-24IP
西安(国),SN,XAN,108.9242,34.0317,630,100,CTS-1EF,EDAS-24IP
榆林(国),SN,YULG,110.5075,38.8559,1010,100,CTS-1EF,EDAS-24IP
彬县,SN,BIXT,108.0833,35.0667,840,50,FBS-3H/VBB,EDAS-24L
富平,SN,FUPI,109.1454,34.974,1220,100,BBVS-60,EDAS-24IP
合阳,SN,HEYT,110.0633,35.4067,1160,100,BBVS-60,EDAS-24IP
华县,SN,HUAX,109.7197,34.4009,876,100,BBVS-60,EDAS-24IP
华阴,SN,HUYT,110.1667,34.52,800,100,BBVS-60,EDAS-24IP
汉中,SN,HZHT,106.994,32.989,553,100,BBVS-60,EDAS-24IP
泾阳,SN,JYAT,108.7528,34.7089,790,100,BBVS-60,EDAS-24IP
蓝田,SN,LANT,109.3756,34.1128,740,100,BBVS-60,EDAS-24IP
临潼,SN,LINT,109.2124,34.3523,920,100,BBVS-60,EDAS-24IP
麟游,SN,LIYO,107.8064,34.6766,1027,100,BBVS-60,EDAS-24IP
陇县,SN,LOXT,106.767,34.939,1080,100,BBVS-60,EDAS-24IP
略阳,SN,LUYA,106.1395,33.3568,676,100,BBVS-60,EDAS-24IP
眉县,SN,MEIX,107.817,34.1283,942,100,BBVS-60,EDAS-24IP
勉县,SN,MIAX,106.8002,33.2293,1151,100,BBVS-60,EDAS-24IP
宁陕,SN,NSHT,108.3234,33.3253,850,100,BBVS-60,EDAS-24IP
蒲城,SN,PCHT,109.4267,35.0583,800,100,BBVS-60,EDAS-24IP
乾陵,SN,QLIT,108.2172,34.5697,885,100,BBVS-60,EDAS-24IP
商州,SN,SHAZ,109.874,33.5124,836,100,BBVS-60,EDAS-24IP
商南,SN,SHNA,110.8654,33.518,461,100,BBVS-60,EDAS-24IP
上王,SN,SHWA,106.9373,34.5538,971,100,KS-2000(60s),EDAS-24IP
绥德,SN,SUDE,110.2312,37.4946,856,100,BBVS-60,EDAS-24IP
太白,SN,TABT,107.2852,34.0707,1710,100,BBVS-60,EDAS-24IP
铜川,SN,TOCH,109.1251,35.392,1405,100,BBVS-60,EDAS-24IP
西乡,SN,XIXI,107.7161,32.9101,561,100,BBVS-60,EDAS-24IP
延安,SN,YAAN,109.3254,36.8721,1138,100,BBVS-60,EDAS-24IP
榆林,SN,YULT,109.5006,38.4428,1190,100,KS-2000(60s),EDAS-24IP
周至,SN,ZOZT,108.3242,34.0553,610,100,BBVS-60,EDAS-24IP
临汾,SX,LIF,111.3667,36.0883,500,100,CTS-1,EDAS-24IP
大同,SX,SHZ,113.2374,40.1416,1170,100,BBVS-120,EDAS-24IP
晋祠,SX,JIC,112.436,37.7123,840,100,BBVS-120,EDAS-24IP
安泽,SX,ANZ,112.25,36.16,900,100,CMG-3ESPC,CMG-DM24
保德,SX,BOD,111.001,38.9549,900,100,CMG-3ESPC,CMG-DM24
长治,SX,CHZ,113.18,36.2244,1030,100,BBVS-60,EDAS-24IP
代县,SX,DAX,113.0557,39.0518,1100,100,CMG-3ESPC,CMG-DM24
东山,SX,DOS,112.741,37.9294,1000,100,KS-2000(120s),SMART-24
侯马,SX,HMA,111.41,35.58,540,100,CMG-3ESPC,CMG-DM24
恒山,SX,HSH,113.7208,39.6684,1800,100,BBVS-60,EDAS-24IP
霍州,SX,HZH,111.899,36.6099,1020,100,CMG-3ESPC,CMG-DM24
定襄,SX,TIY,113.003,38.43,900,100,BBVS-120,EDAS-24IP
岢岚,SX,KEL,111.7198,38.7784,1500,100,CMG-3ESPC,CMG-DM24
陵川,SX,LIC,113.291,35.6906,1190,100,BBVS-60,EDAS-24IP
离石,SX,LIS,111.2418,37.529,1020,100,BBVS-60,EDAS-24IP
灵丘,SX,LNQ,114.021,39.3823,1050,100,BBVS-60,EDAS-24GN
娄烦,SX,LOF,111.9509,38.0411,1480,100,CMG-3ESPC,CMG-DM24
宁武,SX,NIW,112.336,38.687,1700,100,CMG-3ESPC,CMG-DM24
偏关,SX,PIG,111.5135,39.4516,1210,100,CMG-3ESPC,CMG-DM24
山自皂,SX,SZZ,113.7131,40.0845,1100,100,BBVS-60,EDAS-24IP
太谷,SX,TAG,112.5782,37.3671,1720,100,CMG-3ESPC,CMG-DM24
夏县,SX,XAX,111.2367,35.12,400,100,BBVS-120,EDAS-24IP
襄垣,SX,XAY,112.946,36.6677,1020,100,BBVS-60,EDAS-24IP
隰县,SX,XIX,110.95,36.7,1100,100,CMG-3ESPC,CMG-DM24
昔阳,SX,XIY,113.7208,37.569,940,100,BBVS-60,EDAS-24IP
阳城,SX,YAC,112.407,35.4424,640,100,BBVS-60,EDAS-24IP
阳原,SX,YAY,114.1577,39.955,1060,100,BBVS-120,EDAS-24IP
永济,SX,YJI,110.6462,34.8389,500,100,BBVS-60,EDAS-24IP
雁门关,SX,YMG,112.8067,39.2289,1300,100,BBVS-60,EDAS-24IP
右玉,SX,YUY,112.3693,40.0235,1590,100,BBVS-60,EDAS-24IP
镇川,SX,ZCH,113.3483,40.2723,1440,100,CMG-3ESPC,CMG-DM24
左权,SX,ZOQ,113.3502,37.0993,890,100,CMG-3ESPC,CMG-DM24
安康,TJ,ANK,117.219,39.1708,-247,100,FSS-3DBH（2S）,EDAS-C24B
宝坻,TJ,BAD,117.275,39.7319,-245,100,FSS-3DBH（1S）,EDAS-C24B
北塘,TJ,BET,117.743,39.1294,-246,100,FSS-3DBH（2S）,EDAS-24GN
糙甸,TJ,CAD,117.461,39.6108,-247,100,FSS-3DBH（1S）,EDAS-C24B
蔡公庄,TJ,CGZ,117.105,38.7781,-247,100,FSS-3DBH（2S）,EDAS-24GN
长虹,TJ,CHH,117.15,39.1344,-247,100,FSS-3DBH（1S）,EDAS-C24B
赤土,TJ,CHT,117.369,39.2292,-247,100,FSS-3DBH（2S）,EDAS-24GN
大沽,TJ,DAG,117.704,38.9778,-249,100,FSS-3DBH（1S）,EDAS-C24B
东台,TJ,DOT,117.323,38.8325,-273,100,FSS-3DBH（2S）,EDAS-24IP
大直沽,TJ,DZG,117.237,39.1094,-291,100,FSS-3DBH（1S）,EDAS-C24B
尔王庄,TJ,EWZ,117.37,39.3958,-247,100,FSS-3DBH（2S）,EDAS-24GN
丰台镇,TJ,FTZ,117.754,39.5686,-247,100,FSS-3DBH（2S）,EDAS-24GN
官港,TJ,GUG,117.503,38.9298,-250,100,FSS-3DBH,EDAS-C24B
汉沽,TJ,HAG,117.793,39.2414,-247,100,FSS-3DBH（2S）,EDAS-24GN
河北屯,TJ,HBT,117.133,39.5806,-245,100,FSS-3DBH（2S）,EDAS-24GN
静海,TJ,JIH,116.861,38.9408,-277,100,FSS-3DBH（2S）,EDAS-C24B
蓟县,TJ,JIX,117.496,40.0764,65,100,BBVS-120,EDAS-24L6
芦台,TJ,LUT,117.738,39.375,-248,100,FSS-3DBH（1S）,EDAS-C24B
南河镇,TJ,NHZ,117.098,39.0283,-247,100,FSS-3DBH（2S）,EDAS-24IP
青光,TJ,QIG,117.0196,39.205,-241,100,FSS-3DBH（2S）,EDAS-24GN
撒金坨,TJ,SJT,118.002,39.2433,-250,100,CMG-3TB-60,CMG-DM24
沙井子,TJ,SJZ,117.382,38.6325,-248,100,BBVS-60DBH,EDAS-24GN
塘23,TJ,T23,117.517,39.0528,-275,100,FSS-3DBH（1S）,EDAS-C24B
唐家河,TJ,TJH,117.556,38.7497,-247,100,FSS-3DBH（1S）,EDAS-C24B
王匡,TJ,WAK,116.853,38.7697,-247,100,FSS-3DBH（2S）,EDAS-24IP
武清,TJ,WUQ,116.9557,39.4484,-290,100,FSS-3DBH（2S）,EDAS-C24B
新安镇,TJ,XAZ,117.524,39.7581,-246,100,FSS-3DBH（1S）,EDAS-24IP
辛庄,TJ,XIZ,117.344,39.0272,-248,100,FSS-3DBH（1S）,EDAS-C24B
徐庄子,TJ,XZZ,117.192,38.6606,-247,100,FSS-3DBH（2S）,EDAS-C24B
尤古庄,TJ,YGZ,117.248,39.91,-250,100,CMG-3TB-120,CMG-DM24
朱塘庄,TJ,ZTZ,117.199,39.2719,-247,100,FSS-3DBH（1S）,EDAS-C24B
巴楚,XJ,BCH,78.7825,39.7933,1142,100,CTS-1E,EDAS-24L
巴里坤,XJ,BKO,93.0142,43.5233,1734,100,CTS-1E,EDAS-24L
富蕴,XJ,FUY,89.63,46.97,966,100,CTS-1E,EDAS-24IP
和田,XJ,HTA,79.9159,37.0595,1409,100,JCZ-1,EDAS-24IP
克拉玛依,XJ,KMY,84.8149,45.6565,610.8,100,BBVS-60,EDAS-24IP
库尔勒,XJ,KOL,85.81,41.8899,1093,100,JCZ-1T,EDAS-24IP
喀什,XJ,KSH,75.566,39.145,1523,100,CTS-1E,EDAS-24IP
库车,XJ,KUC,82.8572,41.8531,1214,100,CTS-1E,EDAS-24L
且末,XJ,QMO,85.481,37.293,2986,100,CTS-1E,EDAS-24IP
若羌,XJ,RUQ,88.828,38.973,1390,100,CTS-1E,EDAS-24IP
乌鲁木齐,XJ,WMQ,87.695,43.6544,970,100,CTS-1E,EDAS-24IP
温泉,XJ,WNQ,81,44.98,1391,100,CTS-1E,EDAS-24IP
乌什,XJ,WUS,79.22,41.2,1457,100,CTS-1E,EDAS-24IP
新源,XJ,XNY,83.303,43.564,1045,100,CTS-1E,EDAS-24L
于田,XJ,YUT,81.997,36.429,2147,100,CTS-1E,EDAS-24IP
阿合奇,XJ,AHQ,78.4599,40.93,1973,100,CMG-3ESPC,EDAS-24IP
阿克苏,XJ,AKS,80.1095,41.1446,1123,100,CMG-3ESPC,EDAS-24IP
阿拉尔,XJ,ALR,81.319,40.494,1006,100,FSS-3DBH(2s),EDAS-24IP
阿拉山口,XJ,ALS,82.119,45.153,1215,100,BBVS-60,EDAS-24IP
阿勒泰,XJ,ALT,88.1276,47.88419,843,100,BBVS-60,EDAS-24IP
阿图什,XJ,ATS,75.844,39.804,1815,100,CMG-3ESPC,EDAS-24IP
拜城,XJ,BAC,81.624,41.859,1543,100,CMG-3ESPC,EDAS-24IP
巴仑台,XJ,BLT,86.659,42.945,2679,100,BBVS-60,EDAS-24IP
八盘水磨,XJ,BPM,76.836,39.883,1325,100,CMG-3ESPC,EDAS-24IP
北塔山,XJ,BTS,90.5139,45.2839,1720,100,BBVS-60,EDAS-24IP
察布查尔,XJ,CBC,81.4392,43.5211,1591,100,CMG-3ESPC,EDAS-24IP
福海,XJ,FUH,87.179,46.993,665,100,BBVS-60,EDAS-24IP
高崖子,XJ,GAZ,88.5767,43.525,1820,100,BBVS-60,EDAS-24IP
哈巴河,XJ,HBH,86.552,48.231,1002,100,BBVS-60,EDAS-24IP
和丰,XJ,HEF,85.768,46.77,1224,100,CMG-3ESPC,EDAS-24IP
呼图壁,XJ,HTB,86.5844,44.0869,928,100,BBVS-60,EDAS-24IP
火焰山,XJ,HYS,89.441,42.976,273,100,BBVS-60,EDAS-24IP
精河,XJ,JHE,82.9698,44.6255,357,100,BBVS-60,EDAS-24IP
库米什,XJ,KMS,88.1732,42.2682,1006,100,BBVS-60,EDAS-24IP
喀什中继,XJ,KSZ,75.941,39.591,1582,100,CMG-3ESPC,EDAS-24IP
硫磺沟,XJ,LHG,87.0606,43.6378,1621,100,BBVS-60,EDAS-24IP
柳树沟,XJ,LSG,84.275,45.5639,1250,100,BBVS-60,EDAS-24IP
轮台,XJ,LTA,84.167,42.022,1310,100,BBVS-60,EDAS-24IP
木垒,XJ,MUL,90.2959,43.8086,1371,100,CTS-1E,EDAS-24L
青河,XJ,QHE,90.73,46.491,1321,100,BBVS-60,EDAS-24IP
二宫,XJ,RGN,87.5614,43.8653,755,100,BBVS-60,EDAS-24IP
石场,XJ,SCH,85.6869,43.9172,1262,100,CTS-1E,EDAS-24IP
石河子,XJ,SHZ,85.85,44.2,644,100,BBVS-60,EDAS-24L6
神木园,XJ,SMY,79.731,41.638,2144,100,CMG-3ESPC,EDAS-24IP
石梯子,XJ,STZ,86.6531,43.7133,2260,100,CMG-3ESPC,EDAS-24IP
塔城,XJ,TAC,83.167,46.938,951,100,CMG-3ESPC,EDAS-24IP
塔什库尔干,XJ,TAG,75.1699,37.7799,3282,100,CMG-3ESPC,EDAS-24IP
天池,XJ,TCH,88.0878,43.8886,2580,100,CMG-3ESPC,EDAS-24IP
五彩湾,XJ,WCW,89.032,44.901,544,100,BBVS-60,EDAS-24IP
乌什城,XJ,WSC,87.6853,43.4569,1500,100,BBVS-60,EDAS-24IP
乌苏,XJ,WSU,84.6408,44.1231,1830,100,BBVS-60,EDAS-24IP
乌恰,XJ,WUQ,75.2381,39.7397,2206,100,CMG-3ESPC,EDAS-24IP
西克尔,XJ,XKR,77.576,39.828,1200,100,BBVS-60,EDAS-24IP
下野地,XJ,XYD,85.457,44.659,317,100,FSS-3DBH(2s),EDAS-24IP
叶城,XJ,YCH,77.361,37.39,2023,100,CMG-3ESPC,EDAS-24IP
英吉沙,XJ,YJS,76.486,38.521,1603,100,CMG-3ESPC,EDAS-24IP
雅满苏,XJ,YMS,94.002,41.944,1014,100,CTS-1E,EDAS-24IP
岳普湖,XJ,YPH,76.737,39.209,1189,100,FSS-3DBH(2s),EDAS-24IP
昭苏,XJ,ZSU,80.367,42.676,1842,100,CMG-3ESPC,EDAS-24IP
和田台阵0,XJ,HTTZ0,79.06,37.16,1592,100,CTS-1E,EDAS-24IP
和田台阵1,XJ,HTTZ1,79.0595,37.1641,1592,100,CMG-40T,CMG-40T
和田台阵2,XJ,HTTZ2,79.054,37.1608,1610,100,CMG-40T,CMG-40T
和田台阵3,XJ,HTTZ3,79.0586,37.1695,1580,100,CMG-40T,CMG-40T
和田台阵4,XJ,HTTZ4,79.0656,37.162,1615,100,CMG-40T,CMG-40T
和田台阵5,XJ,HTTZ5,79.0722,37.1731,1570,100,CMG-40T,CMG-40T
和田台阵6,XJ,HTTZ6,79.0749,37.1586,1603,100,CMG-40T,CMG-40T
和田台阵7,XJ,HTTZ7,79.0575,37.1506,1653,100,CMG-40T,CMG-40T
和田台阵8,XJ,HTTZ8,79.0429,37.1616,1622,100,CMG-40T,CMG-40T
和田台阵9,XJ,HTTZ9,79.0522,37.1763,1640,100,CMG-40T,CMG-40T
昌都,XZ,CAD,97.17,31.14,3338.1,100,CTS-1,EDAS-24IP
察隅,XZ,CHY,97.47,28.66,2297.1,100,CTS-1,EDAS-24L
改则,XZ,GZE,84.07,32.29,4432.8,100,CTS-1,EDAS-24IP
拉萨,XZ,LSA,91.12,29.71,3789,100,CTS-1EF,EDAS-24IP
林芝,XZ,LIZ,94.34,29.7,2995.7,100,CTS-1,EDAS-24L
那曲,XZ,NAQ,92.09,31.45,4500,100,CTS-1,EDAS-24L
普兰,XZ,PLA,81.27,30.19,3787.4,100,BBVS-120,EDAS-24IP
日喀则,XZ,RKZ,88.87,29.23,3862,100,CTS-1EF,EDAS-24L
狮泉河,XZ,SQHE,80.01,32.52,4403,100,CTS-1,EDAS-24L
当雄,XZ,DXI,91.07,30.53,4708,100,CMG-3ESPC,EDAS-24IP
浪卡子,XZ,LKZ,90.39,28.97,4464.3,100,CMG-3ESPC,EDAS-24IP
墨竹工卡,XZ,MZG,91.75,29.85,3809.6,100,CMG-3ESPC,EDAS-24IP
尼玛,XZ,NMA,87.23,31.8,4515,100,BBVS-60,EDAS-24IP
尼木,XZ,NMU,90.15,29.43,3797.2,100,CMG-3ESPC,EDAS-24IP
山南,XZ,SNA,91.75,29.22,3588.8,100,CMG-3ESPC,EDAS-24IP
双湖,XZ,SUH,88.83,33.2,4911.4,100,BBVS-120,EDAS-24IP
珠峰,XZ,ZHF,86.56,28.36,4297.79,100,BBVS-60,EDAS-24IP
丁青,XZ,DQI,95.64,31.41,3829,100,BBVS-60,EDAS-24IP
那曲台阵,NQ,NA0,92.094,31.4948,4567,100,DS-4D,TDE-324CI
那曲台阵,NQ,NA1,92.0901,31.4959,4555,100,DS-4D,TDE-324CI
那曲台阵,NQ,NA2,92.0968,31.4973,4563,100,DS-4D,TDE-324CI
那曲台阵,NQ,NA3,92.0948,31.4912,4587,100,DS-4A,TDE-324CI
那曲台阵,NQ,NB1,92.1016,31.5059,4615,100,DS-4A,TDE-324CI
那曲台阵,NQ,NB2,92.1086,31.492,4602,100,DS-4A,TDE-324CI
那曲台阵,NQ,NB3,92.0962,31.4818,4601,100,DS-4A,TDE-324CI
那曲台阵,NQ,NB4,92.0803,31.4887,4576,100,DS-4D,TDE-324CI
那曲台阵,NQ,NB5,92.0833,31.5041,4613,100,DS-4A,TDE-324CI
洱源,YN,EYA,99.9475,26.1088,2064,100,CTS-1E,EDAS-24IP
富宁,YN,FUN,105.6202,23.6249,684,100,CTS-1E,EDAS-24L
个旧,YN,GEJ,103.1596,23.3535,1771,100,CTS-1E,EDAS-24L
贵阳,YN,GYA,106.664,26.459,1160,100,CTS-1EF,EDAS-24IP
昆明,YN,KMI,102.7475,25.1483,1940,100,CTS-1EF,EDAS-24IP
孟连,YN,MEL,99.5796,22.3365,934,100,CTS-1,EDAS-24L
勐腊,YN,MLA,101.5276,21.4259,649,100,BBVS-120,EDAS-24GN
腾冲,YN,TNC,98.5197,25.0289,1630,100,CTS-1EF,EDAS-24IP
昭通,YN,ZAT,103.7179,27.3221,1922,100,CTS-1,EDAS-24IP
中甸,YN,ZOD,99.6984,27.8232,3306,100,KS-2000(120s),SMART-24
保山,YN,BAS,99.1466,25.118,1722,100,BBVS-60,EDAS-24IP
沧源,YN,CAY,99.2585,23.1364,1262,100,BBVS-60,EDAS-24IP
楚雄,YN,CUX,101.5356,25.0293,1822,100,KS2000-60,EDAS-24IP
大姚,YN,DAY,101.3164,25.7268,1877,100,KS2000-60,EDAS-24IP
东川,YN,DOC,103.1866,26.0922,1265,100,KS2000-120,EDAS-24IP
贡山,YN,GOS,98.6707,27.7449,1470,100,BBVS-60,EDAS-24IP
鹤庆,YN,HEQ,100.1512,26.549,2215,100,KS2000-60,EDAS-24IP
黑龙潭,YN,HLT,102.7475,25.1483,1940,100,BBVS-60,EDAS-24IP
华坪,YN,HUP,101.1993,26.5871,1193,100,KS2000-60,EDAS-24IP
景谷,YN,JIG,100.7351,23.5019,1031,100,BBVS-60,EDAS-24IP
景洪,YN,JIH,100.7382,22.0194,585,100,KS2000-60,EDAS-24IP
金平,YN,JIP,103.2234,22.7825,1309,100,BBVS-120,EDAS-24IP
建水,YN,JIS,102.7598,23.6504,1315,100,BBVS-60,EDAS-24IP
澜沧,YN,LAC,99.9206,22.5524,1025,100,KS2000-60,EDAS-24IP
临沧,YN,LIC,100.0689,23.8785,1525,100,KS2000-60,EDAS-24IP
丽江,YN,LIJ,100.2322,26.8956,2428,100,KS2000-120,EDAS-24IP
罗平,YN,LOP,104.2911,24.8856,1489,100,BBVS-60,EDAS-24IP
禄劝,YN,LUQ,102.4497,25.5408,1777,100,KS2000-60,EDAS-24IP
泸水,YN,LUS,98.8518,25.8317,861,100,KS2000-60,EDAS-24IP
马龙,YN,MAL,103.5752,25.4273,2031,100,KS2000-60,EDAS-24IP
芒市,YN,MAS,98.5925,24.4245,924,100,BBVS-60,EDAS-24IP
弥勒,YN,MIL,103.3885,24.4058,1487,100,BBVS-60,EDAS-24IP
麻栗坡,YN,MLP,104.7024,23.1284,1055,100,BBVS-60,EDAS-24IP
巧家,YN,QIJ,102.9434,26.9095,1103,100,BBVS-60,EDAS-24IP
思茅,YN,SIM,101.014,22.7756,1401,100,KS2000-60,EDAS-24IP
通海,YN,TOH,102.7881,24.1128,1849,100,KS2000-60,EDAS-24IP
团山,YN,TUS,100.254,25.6093,1955,100,BBVS-60,EDAS-24IP
畹町,YN,WAD,98.0709,24.0851,838,100,KS2000-60,EDAS-24IP
文山,YN,WES,104.2518,23.4076,1384,100,BBVS-60,EDAS-24IP
宣威,YN,XUW,104.1357,26.0881,2076,100,BBVS-60,EDAS-24IP
盐津,YN,YAJ,104.2315,28.1117,475,100,KS2000-60,EDAS-24IP
易门,YN,YIM,102.144,24.7002,1667,100,BBVS-60,EDAS-24IP
永德,YN,YOD,99.2454,24.0357,1680,100,KS2000-60,EDAS-24IP
永胜,YN,YOS,100.7683,26.6941,2190,100,KS2000-60,EDAS-24IP
元江,YN,YUJ,101.978,23.5659,511,100,BBVS-60,EDAS-24IP
云龙,YN,YUL,99.3717,25.8854,1653,100,KS2000-120,EDAS-24IP
元谋,YN,YUM,101.8607,25.6894,1086,100,KS2000-60,EDAS-24IP
云县,YN,YUX,100.1475,24.4348,1164,100,BBVS-60,EDAS-24IP
热海台,YN,RHT,98.438,24.955,1490,100,KS2000-60,EDAS-24IP
马站台,YN,MZT,98.495,25.215,1880,100,KS2000-60,EDAS-24IP
箐口台,YN,QKT,98.335,25.217,1825,100,KS2000-60,EDAS-24IP
民振台,YN,MIZ,98.42,25.132,1850,100,KS2000-60,EDAS-24IP
沙坝台,YN,SBT,98.541,24.953,1682,100,KS2000-60,EDAS-24IP
城子山,YN,CZS,98.667,24.904,1333,100,KS2000-60,EDAS-24IP
热水塘,YN,RST,98.391,24.91,1191,100,KS2000-60,EDAS-24IP
新华台,YN,XHT,98.485,24.749,1207,100,KS2000-60,EDAS-24IP
湖州,ZJ,HUZ,120.0952,30.8423,12,100,CTS-1,EDAS-24IP
温州,ZJ,WEZ,120.6677,27.9271,20,100,CTS-1,EDAS-24IP
新安江,ZJ,XAJ,119.2708,29.4817,90,100,BBVS-120,EDAS-24IP
北仑,ZJ,BEL,121.8329,29.8873,36,50,FSS-3DBH(2s),EDAS-24IP
淳安,ZJ,CHA,118.413,29.4695,228,100,BBVS-60,EDAS-24IP
长兴,ZJ,CHX,119.6578,31.0865,135,100,BBVS-60,EDAS-24IP
海盐,ZJ,HAY,120.8476,30.3831,60,100,BBVS-60,EDAS-24IP
杭州,ZJ,HAZ,120.114,30.2665,50,100,BBVS-60,EDAS-24IP
嘉兴,ZJ,JAX,120.8877,30.7802,5,100,BBVS-60,EDAS-24IP
景宁,ZJ,JIN,119.6304,27.9805,197,50,FSS-3DBH(2s),EDAS-24IP
临安,ZJ,LIA,118.9578,30.1433,230,50,BBVS-60,EDAS-24IP
宁波,ZJ,NIB,121.5202,29.9837,20,100,BBVS-60,EDAS-24IP
宁海,ZJ,NIH,121.7042,29.2458,60,100,BBVS-60,EDAS-24IP
庆元,ZJ,QIY,119.0635,27.6164,435,100,BBVS-60,EDAS-24IP
嵊泗,ZJ,SHS,122.4507,30.7055,76,100,BBVS-60,EDAS-24IP
天台,ZJ,TIT,121.0373,29.1451,108,50,FSS-3DBH(2s),EDAS-24IP
衢州,ZJ,WXJ,118.8256,28.6961,162,100,BBVS-60,EDAS-24IP
新昌,ZJ,XIC,120.8622,29.4818,122,100,BBVS-60,EDAS-24IP
萧山,ZJ,XSH,120.1052,29.8938,40,100,BBVS-60,EDAS-24IP
鄞县,ZJ,YIX,121.3262,29.8008,50,100,BBVS-60,EDAS-24IP
永康,ZJ,YOK,120.2008,28.9621,210,100,BBVS-60,EDAS-24IP
乐清,ZJ,YUQ,121.0803,28.4149,85,100,BBVS-60,EDAS-24IP
余姚,ZJ,YUY,121.0939,29.9534,45,100,BBVS-60,EDAS-24IP
舟山,ZJ,ZHS,122.1165,30.0378,40,100,BBVS-60,EDAS-24IP
